getAction,5244
setStrokeWidth,2046
setColor,3373
setARGB,681
drawRoundRect,1335
drawLine,1121
drawCircle,1112
onDraw,2686
charAt,3776
onFinishInflate,458
edit,4646
printStackTrace,5054
toString,6267
getCount,3311
putBoolean,3655
delete,4385
close,5411
append,6228
commit,4804
getDefaultSharedPreferences,2320
execSQL,2981
start,5158
getString,5695
put,5305
insert,3192
open,3001
read,4711
exists,4101
getAssets,2612
mkdirs,3217
write,4801
query,3889
moveToFirst,3649
rawQuery,1887
isOpen,666
list,1818
trim,4497
openFileInput,1549
readLine,4161
split,4644
getColumnCount,671
flush,3984
openFileOutput,1686
moveToNext,3165
update,4157
onCreate,6478
onCreateDialog,1426
onDestroy,4934
onPause,4234
onResume,4400
isFile,1858
showDialog,196
create,5111
setNegativeButton,4408
setMessage,5116
setTitle,4987
setPositiveButton,4814
setDefaultUncaughtExceptionHandler,1146
getDefaultUncaughtExceptionHandler,1079
getPackageInfo,4149
putExtra,5333
getPackageManager,4447
setType,3575
startActivity,4686
getApplicationLabel,1130
createChooser,2705
uncaughtException,1098
sleep,3490
get,5716
size,5493
parseInt,4928
intValue,5013
getApplicationContext,3793
makeText,4504
setVisibility,5074
show,5826
setText,5657
getText,4586
findViewById,4184
length,5488
getView,1521
setColorFilter,759
equals,5705
getId,3392
performClick,625
getInt,4911
setSelectionFromTop,288
setChecked,2725
argb,2202
substring,5271
replace,3773
setPadding,4037
setItems,1166
setView,2754
setIcon,2703
setNeutralButton,1577
inflate,4359
setSingleChoiceItems,854
from,2652
getCursor,1020
setOnClickListener,5565
setChoiceMode,416
onCreateOptionsMenu,2538
onListItemClick,1347
getItemId,3714
onMenuItemSelected,1318
getFloat,1446
unregisterOnSharedPreferenceChangeListener,359
getChildAt,2700
setAnchorView,673
setMediaPlayer,383
registerOnSharedPreferenceChangeListener,753
prepare,2073
setDataSource,1695
getContentResolver,4335
getColumnIndex,2933
startManagingCursor,70
reset,3048
getAttributeValue,3150
getAttributeIntValue,1126
onBindDialogView,128
setMax,1729
setProgress,2827
addView,4827
setGravity,4179
setOnSeekBarChangeListener,1064
setTextSize,3763
setOrientation,3107
concat,1152
onSetInitialValue,66
getBoolean,4036
setEnabled,3410
setSummary,535
unregisterListener,2162
getSensorList,692
getSystemService,5099
abs,3755
registerListener,2209
setClass,2230
setCancelable,3835
cancel,4320
postDelayed,4118
putString,4737
add,5693
charValue,896
dismiss,4354
addRule,2702
getDisplayMetrics,3973
getLayoutParams,2693
requestLayout,1626
indexOf,4620
isDirectory,2441
putBundle,1363
getStringExtra,4065
getData,3121
getBundleExtra,1780
loadAnimation,2189
setStreamVolume,457
setDefaultValues,138
addCategory,2625
getSubMenu,138
getItem,1799
getBundle,1446
parse,5564
putAll,1935
setDuration,2992
setAnimationListener,2411
getWidth,4545
getHeight,4506
rgb,1605
setAlpha,2060
drawRect,2313
vibrate,1562
getBackground,1625
getY,3825
setVisible,874
getRawX,496
setOnTouchListener,2323
setMargins,2583
getProgress,823
getStreamVolume,787
onClick,1227
getStreamMaxVolume,561
onCreateDialogView,21
putFloat,1015
putInt,3946
loadUrl,4133
setJavaScriptEnabled,4119
onKeyDown,3890
onKeyUp,1474
onTrackballEvent,872
contains,5003
toLowerCase,4384
sendMessage,2346
getDeviceId,2283
loop,840
openConnection,4403
isNetworkRoaming,157
getNetworkOperator,1195
getPhoneType,561
getDeviceSoftwareVersion,100
getSimOperator,409
getSimSerialNumber,394
getSubscriberId,833
getSimCountryIso,316
getNetworkType,634
getNetworkOperatorName,920
getNetworkCountryIso,364
getSettings,3832
unmodifiableMap,2149
getHost,2872
remove,4993
getPath,3657
isHierarchical,1475
getScheme,3114
getAuthority,2086
getHeaderField,2607
nextToken,2564
parseFloat,2864
hasMoreTokens,2281
disconnect,3203
getInputStream,4594
connect,3934
setInstanceFollowRedirects,2284
getResponseCode,3415
destroy,2585
stopLoading,2695
loadDataWithBaseURL,2416
setWillNotDraw,2106
setWebViewClient,3688
getLanguage,3344
getDefault,3930
getPackageName,4647
interrupt,2265
notify,3681
wait,3094
elapsedRealtime,2271
getConstructor,1646
forName,3787
newInstance,3927
schedule,2028
getResources,4870
getConfiguration,2465
getDataString,804
currentTimeMillis,4677
startsWith,4742
sendEmptyMessage,2573
isAvailable,1362
getActiveNetworkInfo,3816
hasNext,5172
next,5188
iterator,5163
getApplicationInfo,3274
isAlive,936
clear,5042
onWindowFocusChanged,2279
setLayoutParams,4171
setImageBitmap,3229
getDensity,90
setDensity,253
decodeByteArray,1815
setId,2912
setEllipsize,1297
setMaxLines,561
setTextColor,4358
getClass,4482
getResourceAsStream,1471
decodeStream,3041
arraycopy,4343
setRequestProperty,3533
toByteArray,3559
setDoOutput,2531
getBytes,4631
setDoInput,2110
getOutputStream,2796
setRequestMethod,2682
containsKey,3585
nextInt,2960
setFlags,4284
log10,140
decodeResource,2207
addCallback,1468
getSharedPreferences,3938
lockCanvas,615
setStyle,2811
exit,1583
drawBitmap,2906
unlockCanvasAndPost,614
parseColor,1254
drawArc,298
setAntiAlias,2422
getMeasuredHeight,1896
getDefaultDisplay,4372
getDividerHeight,203
measure,1824
getMeasuredWidth,1811
getAdapter,1799
setAttributes,856
setAdapter,3993
getAttributes,1845
setData,3594
getMetrics,3203
onOptionsItemSelected,2266
getMaxAmplitude,58
setAudioSource,511
setOutputFormat,504
setAudioEncoder,504
setOutputFile,511
release,2810
stop,2808
getParentFile,1746
getName,4440
getExternalStorageState,2720
getStackTrace,1338
getAbsolutePath,3584
listFiles,2384
getDir,695
getExternalStorageDirectory,3274
renameTo,1633
queryLocalInterface,865
writeNoException,724
getClassLoader,2258
readString,1861
enforceInterface,879
readStrongBinder,370
onTransact,899
readHashMap,69
writeString,1989
getStackTraceString,644
setConnectTimeout,2271
setReadTimeout,2004
getContent,767
setUseCaches,1354
getContentLength,1391
recycle,3583
readException,716
obtain,2993
transact,874
writeInterfaceToken,868
writeStrongBinder,365
writeMap,93
println,3594
entrySet,3435
getKey,3544
getDay,148
asList,2472
getMonth,603
getYear,766
getValue,4022
equalsIgnoreCase,4268
encode,3612
setUserAgentString,1905
addFlags,3548
findViewWithTag,339
onStop,2981
getTime,4070
getTop,1748
getWindow,2241
getLeft,1546
parseLong,3297
getExtras,4016
compareAndSet,401
lastModified,1634
getNetworkInfo,1102
onMeasure,3359
removeView,2706
onCustomViewHidden,518
stopPlayback,1834
onHideCustomView,82
setOnErrorListener,2155
setOnCompletionListener,2816
getFocusedChild,182
setTag,3152
setOnKeyListener,1350
onShowCustomView,110
onPageFinished,1868
shouldOverrideUrlLoading,1723
setComponent,1806
startActivityIfNeeded,105
getMessage,4654
getPackage,909
resolveActivity,2379
parseUri,225
setJavaScriptCanOpenWindowsAutomatically,1000
setPluginsEnabled,1112
setAllowFileAccess,450
set,4073
onLayout,1716
onTouchEvent,3442
setAction,3176
getAndSet,281
format,5095
onPostExecute,1674
getFile,424
notifyChange,399
requestLocationUpdates,2360
getAccuracy,2564
getLatitude,3709
getLongitude,3709
getAllProviders,270
getLastKnownLocation,2218
getProviders,670
getProvider,1180
removeUpdates,2239
getType,3704
getRotationMatrix,219
toDegrees,393
round,2603
getOrientation,1420
getDefaultSensor,1078
booleanValue,4484
floatValue,2386
setBackgroundColor,4289
setVideoURI,566
setOnPreparedListener,2398
requestFocus,2818
setMediaController,1395
registerContentObserver,1135
post,4224
setAdjustViewBounds,838
openInputStream,880
onChange,1040
unregisterContentObserver,1099
parseBoolean,1456
setProperty,1101
startNow,567
setFillAfter,1497
setInterpolator,2146
getBitmap,1582
getDrawable,3676
layout,1764
getVisibility,2969
min,3718
onLoadResource,349
onPageStarted,1609
onReceivedError,1441
invalidate,2215
runOnUiThread,1309
getParent,2980
replaceFirst,1106
keySet,4177
values,2791
peek,1248
pop,1639
push,1664
empty,265
moveTo,816
rLineTo,41
addRect,166
getPaint,697
arcTo,86
setBackgroundDrawable,3331
getJarEntry,86
getResource,483
postTranslate,1793
preTranslate,1288
rotateY,1036
translate,2432
getMatrix,1376
restore,2021
save,2547
initialize,1055
hasSystemFeature,364
poll,1628
offer,737
getCountry,2941
setDataAndType,3036
decode,3408
endsWith,3817
getInstance,4996
digest,3481
isPlaying,1787
setKeepScreenOn,1247
applyDimension,1910
setImageResource,4192
removeAllViews,3059
getAttributeBooleanValue,1841
getReceiverInfo,917
onReceive,1811
getWindowManager,2762
toUpperCase,3518
isEmpty,4396
getContext,3409
getEncodedQuery,1563
checkPermission,2236
queryIntentActivities,2636
getMode,2965
getRingerMode,1792
isSpeakerphoneOn,1612
isMusicActive,1584
addAction,3199
registerReceiver,3000
getProperty,3338
getUserAgentString,1763
isLoggable,2641
desiredAssertionStatus,2596
getMaximumRange,65
withAppendedPath,1406
attachInfo,62
getFilesDir,1603
canWrite,705
setTables,416
appendWhere,197
setClickable,2167
setVerticalScrollBarEnabled,1596
setIndeterminate,1791
clearHistory,465
setBuiltInZoomControls,1724
getUrl,961
setHorizontalScrollBarEnabled,1413
clearFocus,711
startAnimation,2884
onConfigurationChanged,2660
requestFeature,1030
getBooleanExtra,1661
hasExtra,1399
getIntExtra,2688
setMinimumHeight,1190
offsetTopAndBottom,201
offsetLeftAndRight,856
setScrollContainer,91
setCacheMode,857
setMinimumWidth,1054
setSupportZoom,1590
setSupportMultipleWindows,745
setLoadsImagesAutomatically,644
clearCache,828
getCookie,426
isConnected,2050
removeAllCookie,878
setCookie,323
startActivityForResult,2299
onOpen,163
compile,2792
matcher,2696
replaceAll,2757
getCurrentPosition,1721
seekTo,2366
goBack,1783
canGoBack,1640
exchange,21
startSync,251
createInstance,1183
unlock,770
tryLock,109
bringToFront,949
matches,2361
getNextEntry,564
getField,1776
lastIndexOf,3435
acquire,1402
doUpdateVisitedHistory,92
onFormResubmission,89
drainPermits,81
onReceivedHttpAuthRequest,98
onScaleChanged,91
onTooManyRedirects,89
onUnhandledKeyEvent,84
shouldOverrideKeyEvent,85
getIntent,1214
sendToTarget,1605
bindService,921
unbindService,980
getLong,3849
getServiceInfo,100
getFields,1122
putLong,3290
getChildCount,2570
getRight,1357
indexOfChild,380
getBottom,1301
clearFlags,734
getCurrentActivity,162
getKeyCode,1744
ceil,1683
doubleValue,2503
toArray,3311
rotate,1384
getRawY,607
setLocation,116
onJsAlert,149
addOnGlobalLayoutListener,388
getRequestedOrientation,345
setRequestedOrientation,694
invoke,3366
getDeclaredMethod,1219
getTargetException,612
getFD,714
parseDouble,2234
isHeld,507
newWakeLock,1211
nextFloat,304
regionMatches,479
makeMeasureSpec,1634
lock,760
sqrt,1885
nextElement,1698
entries,385
hasMoreElements,1905
available,2202
createNewFile,2325
getBestProvider,1378
setCostAllowed,761
setBearingRequired,361
setPowerRequirement,278
setAccuracy,1207
setAltitudeRequired,366
setSpeedRequired,184
getThreadGroup,77
currentThread,2285
setUncaughtExceptionHandler,193
shortValue,1124
onRestart,1086
onStart,3093
getDouble,946
isNull,417
getShort,419
isAfterLast,1128
getBlob,764
endTransaction,1220
beginTransaction,1840
setTimeInMillis,1066
setTransactionSuccessful,1193
hasAltitude,261
getBearing,709
hasBearing,232
hasAccuracy,406
getAltitude,973
applyPattern,479
addAll,3024
finish,3006
print,1880
bitLength,445
compareTo,2692
longValue,3944
readObject,1683
writeObject,1695
isLast,192
readStringArray,167
readInt,2630
writeInt,2648
writeStringArray,242
setButton,1028
getMainLooper,2552
getResponseMessage,715
setFollowRedirects,579
checkCallingOrSelfPermission,1833
getActivityInfo,1158
onAttachedToWindow,2142
onDetachedFromWindow,2153
onRestoreInstanceState,1882
getParcelable,1975
onSaveInstanceState,2289
putParcelable,1763
getX,3897
isFinishing,1448
getLastPathSegment,771
addJavascriptInterface,1198
getCacheDir,2044
getBlockSize,1267
getAvailableBlocks,1203
getSpeed,798
hasSpeed,212
mkdir,2199
uptimeMillis,2483
removeCallbacks,3588
getRepeatCount,1744
goForward,766
getLastNonConfigurationInstance,1115
createFromStream,1209
setTypeface,2645
setDefaultTextEncodingName,390
isEnabled,1379
getMethod,2868
getSimpleName,2889
getSingleton,656
getMimeTypeFromExtension,653
fromFile,2174
getColumnIndexOrThrow,1956
getVideoWidth,522
getVideoHeight,522
setFixedSize,514
onPrepared,311
hide,2039
onCompletion,314
onError,324
isShowing,1809
setDisplay,480
getDuration,2550
setScreenOnWhilePlaying,360
setAudioStreamType,1173
sendBroadcast,1918
prepareAsync,745
setOnBufferingUpdateListener,639
setOnVideoSizeChangedListener,444
pause,2594
getSize,3243
readLong,1431
readArrayList,177
readBooleanArray,246
writeList,200
writeBooleanArray,252
writeLong,1395
readFloat,569
writeFloat,835
setBackgroundResource,3178
bind,494
getLocalPort,570
setSoTimeout,792
accept,717
find,2072
group,1905
isBound,160
skip,1476
removeMessages,1711
sendMessageDelayed,860
hasMessages,1225
setFillEnabled,355
setFillBefore,526
bringChildToFront,219
dispatchTouchEvent,984
setFormat,768
setDrawingCacheBackgroundColor,268
setImageURI,1173
getLooper,1936
getConnectionInfo,1162
getMacAddress,982
getRuntime,1724
exec,1120
deleteFile,885
getTimeZone,1789
getRawOffset,649
getState,1326
getSubtypeName,657
setDropDownViewResource,1968
setHint,1176
setTextViewText,1077
setImageViewResource,765
setClassName,2399
getActivity,2792
setProgressBar,678
byteValue,1518
isConnectedOrConnecting,694
after,1018
getSelectedItemPosition,1748
resolveClass,452
hasRemaining,540
remaining,958
max,3222
compress,2425
unregisterReceiver,1839
getAll,931
toHexString,2887
stopSync,295
setTimeZone,1409
sync,1192
getTypeName,1065
getDeclaredField,1156
inKeyguardRestrictedInputMode,285
setAcceptCookie,308
purge,455
finalize,1543
stopFlipping,149
scheduleAtFixedRate,602
getAbsoluteFile,663
applyTransformation,517
setWebChromeClient,1674
setScaleType,2419
managedQuery,378
decodeFile,1887
createScaledBitmap,1504
onContextItemSelected,1604
getTitle,1152
saveBookmark,114
canGoForward,632
setOnCancelListener,2651
removeFirst,666
asSubclass,314
encodePredefinedImProtocol,43
createPersonInMyContactsGroup,107
addSubValue,87
getPathSegments,461
withAppendedId,822
withValue,347
build,1427
newInsert,359
withValueBackReference,335
applyBatch,370
getAccountsByType,283
getDate,458
fromParts,328
getAsString,281
parseId,313
getAsInteger,214
getAsByteArray,112
getEntityValues,87
getSubValues,91
getContactLookupUri,89
getLookupUri,101
getAsLong,181
getQueryParameter,990
confirm,1211
getClasses,259
newProxyInstance,353
cast,1089
fromHtml,2154
setInAnimation,959
setStartOffset,848
setOutAnimation,949
run,2440
nanoTime,903
pow,1552
writeTo,197
appendId,137
buildUpon,575
isProviderEnabled,1113
setParameters,710
getParameters,721
getWindowVisibleDisplayFrame,759
getDecorView,1253
randomUUID,1773
writeBytes,1051
setLatitude,619
setScale,912
setLongitude,618
random,1685
draw,2611
setBounds,2533
lineTo,809
getMax,374
setSecondaryProgress,388
setLayerInset,123
obtainMessage,2283
getHolder,690
setAccessible,1482
sendEmptyMessageDelayed,921
isWifiEnabled,543
setVideoPath,1766
setInitialScale,596
setNeedInitialFocus,86
setAnimation,798
transform,72
isDigit,1109
getBody,97
isMailTo,61
getSubject,673
getTo,162
loadData,957
clearView,313
getTag,3124
setLength,1835
isPrimitive,1027
getParameterTypes,1376
getDeclaredMethods,810
isAssignableFrom,1559
getSuperclass,1077
singletonList,285
synchronizedMap,859
getAndIncrement,1128
newCachedThreadPool,731
submit,854
getCause,1867
getDeclaredConstructors,471
intern,632
getSerializable,1969
putSerializable,1900
setSingleLine,1835
addElement,1248
copyInto,284
getInstalledApplications,378
getAllNetworkInfo,512
appendQueryParameter,494
path,135
authority,155
scheme,288
getNumberInstance,155
width,1885
height,1875
getIntrinsicHeight,1862
getIntrinsicWidth,1620
setImageDrawable,2628
setShadowLayer,713
showNext,679
setDisplayedChild,508
getCurrentView,411
getChildVisibleRect,50
postAtTime,1070
getEdgeFlags,1171
onWindowVisibilityChanged,641
openStream,1604
toCharArray,2438
measureText,1435
getClassName,1725
getMethodName,836
getLineNumber,689
setCallback,541
setCornerRadius,311
execute,2235
isDone,245
isCancelled,966
unmodifiableList,1182
getTimeInMillis,1235
emptyList,1732
incrementAndGet,424
isInterrupted,410
encodedAuthority,105
sort,3186
longBitsToDouble,484
doubleToLongBits,1273
isInfinite,1187
isNaN,1399
awaitTermination,189
shutdown,751
allocate,1059
interestOps,91
array,870
wrap,1781
provider,26
attachment,54
attach,951
wakeup,72
isWritable,77
isValid,210
selectedKeys,86
select,407
isAcceptable,39
isReadable,107
toMillis,620
configureBlocking,136
socket,98
setReuseAddress,201
register,174
setSoLinger,371
setTcpNoDelay,448
validOps,21
getFirst,414
addFirst,572
hashCode,3514
isArray,1114
toASCIIString,675
toExternalForm,775
getDateTimeInstance,769
name,1113
unmodifiableSet,962
toChars,455
isSupplementaryCodePoint,531
charCount,314
codePointAt,429
getModifiers,1849
isSynthetic,545
annotationType,472
getGenericType,600
getAnnotations,477
unmodifiableCollection,455
getGenericComponentType,565
getLength,1707
getLogger,886
getDeclaredFields,1247
log,1338
getActualTypeArguments,734
getOwnerType,434
getRawType,565
getComponentType,903
getUpperBounds,539
getTypeParameters,548
setLatestEventInfo,2380
handleMessage,2227
setAllowUserInteraction,484
seek,657
getDataDirectory,758
waitFor,446
getPort,1090
getProtocol,866
appendReplacement,253
appendTail,251
getAttributeUnsignedIntValue,531
setCornerRadii,234
setGradientRadius,197
setGradientCenter,59
setProgressDrawable,300
setGradientType,137
setLevel,507
getLevel,144
getProgressDrawable,96
getNumberOfLayers,232
getEventTime,948
createBitmap,3299
setLongClickable,1059
setStroke,283
setPressed,821
getFontMetrics,452
setContentView,2491
setTime,1850
getCanonicalFile,393
getInstalledPackages,591
loadLabel,910
getContentEncoding,641
getURL,1067
getContentType,559
addRequestProperty,1900
addAnimation,1869
getPixels,722
postScale,1520
isRecycled,965
postInvalidate,881
openRawResource,1429
getSaveCount,130
restoreToCount,1042
addURI,430
match,1199
addDataScheme,526
getLaunchIntentForPackage,772
blue,1087
green,1089
red,1089
clipRect,906
getQuery,1685
onProgressChanged,499
setBlockNetworkImage,134
getCid,475
getLac,458
getCellLocation,453
setOnDismissListener,1592
clearAnimation,1540
isLetter,1026
isLowerCase,358
hasWindowFocus,213
toBinaryString,274
setRepeatCount,1006
scrollTo,1619
newFixedThreadPool,864
getMenuInfo,760
onCreateContextMenu,1552
getStringArray,1518
setSelection,2655
toggleSoftInput,520
onSizeChanged,1850
getWindowToken,2181
hideSoftInputFromWindow,1734
myLooper,1439
finished,473
end,878
deflate,332
setInput,510
getExtraInfo,630
isAnonymousClass,394
isLocalClass,396
asInterface,49
asBinder,46
getInterfaceDescriptor,68
attachInterface,46
setProgressStyle,1287
filter,274
setFastScrollEnabled,243
showPrevious,435
addTextChangedListener,1461
setOnItemClickListener,3422
setIndicator,1253
newTabSpec,1242
setContent,1723
addTab,1394
isChecked,2547
removeAllViewsInLayout,252
getLayoutInflater,1439
onContentChanged,1169
onPostCreate,364
myPid,1406
killProcess,1303
putExtras,2500
floor,1925
getSerializableExtra,779
setOnItemSelectedListener,1400
setFactory,1217
getBounds,686
copyBounds,157
setState,1203
getCurrent,285
onNewIntent,954
moveToPosition,1517
requery,1122
setHorizontalSpacing,136
setEmptyView,1223
setVerticalSpacing,166
getLastVisiblePosition,322
getStringArrayList,237
drawText,1829
putStringArrayListExtra,216
showAtLocation,703
setOutsideTouchable,368
setTouchable,210
setFocusable,2592
setSelectAllOnFocus,72
getBackgroundDataSetting,83
getSubtype,281
sin,1797
cos,1060
asin,478
setOnCheckedChangeListener,1487
getFromLocation,347
getLocality,200
getDefaultHost,527
getDefaultPort,297
onCancelled,1279
onPreExecute,1422
cancelAll,520
getHeaderFieldKey,126
getTextWidths,245
removeAllElements,836
elementAt,1618
getScaledTouchSlop,1313
getCurrY,1442
computeScrollOffset,1529
getCurrX,1481
isFinished,1490
abortAnimation,1357
computeCurrentVelocity,1369
addMovement,1372
getXVelocity,1358
startScroll,1496
setSelected,1416
forceFinished,348
fling,812
getFinalY,218
getDesiredWidth,181
increaseWidthTo,111
getLineTop,162
getLineBounds,146
getLineCount,346
setIsLongpressEnabled,513
setSavePassword,1198
setSaveFormData,739
proceed,541
first,405
join,1599
getProperties,1041
getRef,824
newPullParser,473
getAttributeResourceValue,315
setCompoundDrawablePadding,558
setCompoundDrawablesWithIntrinsicBounds,862
requestWindowFeature,1750
deleteCharAt,1027
load,2586
addShutdownHook,339
compare,1579
setDefault,498
createUnresolved,375
getHeaderFields,843
getErrorStream,1101
isLowSurrogate,321
toCodePoint,300
getChars,1144
isHighSurrogate,235
setWifiEnabled,255
startScan,208
requestLocationUpdate,46
listen,508
getNeighboringCellInfo,136
getRssi,163
getSSID,170
getScanResults,275
getBSSID,131
getFileStreamPath,903
exp,288
atan,432
getLast,485
addGpsStatusListener,213
addProximityAlert,35
addTestProvider,31
clearTestProviderEnabled,28
clearTestProviderLocation,28
clearTestProviderStatus,28
getGpsStatus,197
removeGpsStatusListener,150
removeProximityAlert,34
sendExtraCommand,49
getPowerRequirement,68
hasMonetaryCost,28
meetsCriteria,28
requiresCell,28
requiresNetwork,28
supportsAltitude,31
supportsBearing,30
supportsSpeed,31
setLinksClickable,105
onSingleTapUp,179
obtainStyledAttributes,1601
getAttributeCount,247
getAttributeName,236
computeScroll,1195
dispatchDraw,553
onFocusChanged,615
onLocationChanged,162
onStatusChanged,87
removeLast,622
getOpacity,414
setHeight,792
addLinks,455
setWidth,984
drawColor,975
setPathEffect,342
setCountryCode,50
setCountryName,47
getTarget,229
onProviderDisabled,91
onProviderEnabled,92
send,916
setStrokeJoin,353
setStrokeCap,450
onAnimationEnd,1173
onAnimationStart,1089
setAddressLine,53
setLocality,51
setFeatureName,42
setAdminArea,48
listIterator,749
removeAll,1279
retainAll,475
subList,1045
getLocalHost,258
getHostAddress,1014
addLast,535
isBearingRequired,34
isSpeedRequired,35
isAltitudeRequired,34
getFeatureName,76
getVersion,370
setVersion,227
databaseList,99
compareToIgnoreCase,1052
openOrCreateDatabase,701
clearColorFilter,234
scale,624
skew,110
getSnr,56
getSatellites,190
setProvider,60
shutdownNow,393
setLayoutAnimation,112
getMemoryInfo,277
getBlockCount,521
getDownloadCacheDirectory,95
deleteOnExit,598
subSequence,1027
setXfermode,1169
setShader,860
preScale,511
createFromPath,333
readValue,131
getSystemClassLoader,358
readList,44
writeValue,142
getSelectionStart,312
toHtml,447
defaultCharset,451
setAnimationStyle,296
onFling,274
onScroll,396
setUnselectedAlpha,27
setTransformationType,524
dispatchKeyEvent,1456
setDescendantFocusability,914
setFocusableInTouchMode,841
getColorStateList,241
findFocus,944
focusSearch,445
hasFocus,1225
dispatchWindowFocusChanged,83
addOnTouchModeChangeListener,28
removeOnTouchModeChangeListener,27
isFocusable,982
setOnFocusChangeListener,1100
childDrawableStateChanged,49
nextLong,915
getRequestProperties,201
getRequestProperty,245
getRequestMethod,290
emptyMap,896
getCanonicalName,916
getLocalizedMessage,915
defaultReadObject,602
getRawPath,353
isInstance,1090
clone,2337
getInfo,502
getSendBufferSize,218
mark,1098
setReceiveBufferSize,340
setSendBufferSize,172
getReceiveBufferSize,218
andNot,124
defaultWriteObject,380
isWhitespace,974
countTokens,578
elements,804
canRead,1123
getByName,818
set2DigitYearStart,272
notifyAll,1352
setDaemon,728
digit,880
intBitsToFloat,451
floatToIntBits,696
setPriority,1014
getCanonicalPath,577
setLastModified,617
toURL,356
markSupported,898
ready,300
position,1030
setGroupingSize,29
openDatabase,553
setLooping,870
onUnbind,181
getCheckedRadioButtonId,321
getStringArrayExtra,1002
addViewInLayout,1075
getTextBounds,536
setTextAlign,855
enablePlatformNotifications,227
setLightTouchEnabled,221
setUseWideViewPort,627
setProgressBarVisibility,245
setProgressBarIndeterminateVisibility,281
store,293
resolve,313
groupCount,562
getDatabasePath,722
onProgressUpdate,1099
addState,664
nextBytes,440
onReceivedTitle,240
setMarqueeRepeatLimit,114
setLines,523
addRoundRect,607
centerY,385
centerX,499
setShape,184
getPackageArchiveInfo,229
getLine1Number,713
getMethods,1184
setFillType,172
inset,305
addPath,67
cubicTo,120
drawPath,1182
getTaskId,57
getSchemeSpecificPart,278
updateConfiguration,165
setCallbackDuringFling,72
interrupted,452
getFromLocationName,155
setOnEditorActionListener,679
setCurrentTab,881
getActualMaximum,301
getColor,1963
invalidateSelf,224
getLineEnd,103
onTextChanged,125
setLineSpacing,216
decodeFileDescriptor,125
setMaxWidth,524
setMinWidth,124
setMaxHeight,526
encodeToString,197
onActivityResult,2699
findItem,1342
onPrepareOptionsMenu,1718
toCharsString,636
getByteArray,732
putByteArray,725
setCharAt,858
freeMemory,420
keys,763
removeElementAt,581
isUpperCase,962
setElementAt,405
setSize,1198
isPublic,494
insertElementAt,330
initCause,831
forDigit,579
isLetterOrDigit,694
chooseConfig,92
setEGLConfigChooser,61
findConfigAttrib,39
setRenderer,130
createContext,80
destroyContext,79
createWindowSurface,79
destroySurface,79
guardedRun,39
createSurface,39
access$400,880
access$600,140
access$500,876
stopEglLocked,38
access$300,883
access$200,887
swap,113
access$1002,81
threadExiting,39
getEvent,38
access$802,122
access$700,141
onSurfaceChanged,231
onDrawFrame,85
access$800,132
onSurfaceCreated,233
tryAcquireEglSurface,38
access$900,139
access$902,116
releaseEglSurface,38
getRenderMode,42
onWindowResize,39
surfaceChanged,139
queueEvent,57
requestExitAndWait,39
requestRender,83
setName,379
setRenderMode,79
surfaceCreated,139
surfaceDestroyed,144
<clinit>,1129
flushBuilder,964
init,1121
checkRenderThreadState,39
setEGLContextFactory,41
setEGLWindowSurfaceFactory,40
clearNeedsSwap,37
getDebugFlags,40
setDebugFlags,40
setGLWrapper,43
setNeedsSwap,37
getInetAddresses,528
getNetworkInterfaces,532
isLoopbackAddress,524
getLocalAddress,202
getSelectedItem,547
setFeatureInt,405
clearAllTabs,171
setup,547
setEndTextElementListener,153
getChild,994
setStartElementListener,86
getContentHandler,154
setEndElementListener,134
allocateDirect,507
getMinBufferSize,378
setThreadPriority,1239
startRecording,267
setOnInfoListener,278
getDisplayLanguage,164
hasExtension,40
getCc,81
getHeaders,43
openOutputStream,370
loadLibrary,951
setSoftInputMode,756
getInputType,234
createFromAsset,742
getFontMetricsInt,196
eraseColor,564
alpha,1640
getDigestLength,73
openFd,832
isNetworkUrl,199
play,1278
resume,237
setVolume,877
getExternalStoragePublicDirectory,130
scanFile,381
setSaturation,174
getApplicationWindowToken,160
showSoftInput,735
setLoadWithOverviewMode,426
getActionIndex,992
getPointerCount,865
getPointerId,1489
createFromFile,98
readUnsignedShort,543
readUTF,842
readBoolean,831
readFully,1057
writeUTF,829
writeShort,713
writeDouble,662
writeByte,946
writeBoolean,809
lookingAt,112
quit,1107
requestFocusFromTouch,413
rotateX,568
setScrollBarStyle,941
setIndeterminateDrawable,229
postRotate,857
getEventType,324
getXml,465
getIdentifier,1577
writeLock,277
readLock,176
getReadableDatabase,250
isReadOnly,396
getWritableDatabase,378
bindString,367
compileStatement,573
breakText,253
reload,708
bindLong,233
getCurrentId,45
setDivider,562
setChildDivider,98
setGroupIndicator,179
setOnChildClickListener,332
setDividerHeight,496
getAccounts,309
binarySearch,1609
notifyDataSetChanged,1657
quote,361
setSpan,868
setImageState,44
dispatch,147
updateViewLayout,596
getFileDescriptor,998
getStartOffset,916
call,981
getCallback,180
getChannel,730
getSimOperatorName,185
firstKey,154
capacity,476
simpleQueryForLong,301
deleteDatabase,170
valueAt,1150
getComponent,831
shuffle,620
getConfig,448
copy,676
isFocusableInTouchMode,919
isFocused,970
runFinalization,80
fill,970
fileList,179
insertImage,209
descent,321
ascent,353
yield,437
setMovementMethod,883
getTextArray,171
getTouchSlop,222
getDrawingRect,252
findNextFocus,939
isShiftPressed,159
setEmpty,176
isAltPressed,173
getFinalX,518
requestDisallowInterceptTouchEvent,341
findNextFocusFromRect,79
onScrollChanged,396
getMinimumFlingVelocity,74
requestChildFocus,162
getScrollX,1265
getScrollY,1313
offset,479
currentAnimationTimeMillis,448
getPaddingRight,1341
getPaddingLeft,1374
onCreateDrawableState,126
setIncludeFontPadding,90
setFilters,435
setMinLines,67
setInputType,986
setStretchMode,157
setColumnWidth,179
setNumColumns,440
newArray,1087
readTypedArray,43
setMaximumFractionDigits,426
getCurrencyInstance,295
setMinimumFractionDigits,181
writeTypedArray,1099
getBinder,307
onRebind,94
createFromPdu,257
getMessageBody,192
getOriginatingAddress,173
getBroadcast,1425
sendTextMessage,335
take,427
await,1344
countDown,1214
setRenderPriority,177
isISOControl,365
toBigInteger,278
isJavaIdentifierPart,304
isDefined,216
isAbstract,345
isEnum,534
isFinal,457
isInterface,656
getGenericSuperclass,677
isShutdown,341
readParcelable,1145
writeParcelable,1147
getCanRetrieveWindowContent,775
getDescription,782
getResolveInfo,774
getSettingsActivityName,774
feedbackTypeToString,774
numberOfTrailingZeros,737
flagToString,774
invalidateOptionsMenu,1040
startActivities,582
dump,1013
supportInvalidateOptionsMenu,946
doAddOp,939
instantiate,983
detach,927
instantiateItem,934
addToBackStack,950
dismissInternal,946
commitAllowingStateLoss,946
finishUpdate,935
destroyItem,934
disallowAddToBackStack,944
isAddToBackStackAllowed,942
setBreadCrumbShortTitle,942
setBreadCrumbTitle,942
setCustomAnimations,944
setTransition,947
setTransitionStyle,942
getBreadCrumbShortTitle,942
getBreadCrumbShortTitleRes,942
getBreadCrumbTitle,942
getBreadCrumbTitleRes,942
addOp,939
bumpBackStackNesting,939
popFromBackStack,937
commitInternal,939
allocBackStackIndex,939
enqueueAction,939
popBackStackState,939
getTransition,937
getTransitionStyle,937
reverseTransit,939
freeBackStackIndex,939
addFragment,939
removeFragment,939
detachFragment,921
hideFragment,939
moveToState,939
showFragment,939
attachFragment,921
addBackStackState,939
createFromParcel,1405
createIntArray,1055
saveAllState,939
describeContents,1066
restoreAllState,939
writeToParcel,1544
writeIntArray,1065
onCreateView,1198
loadClass,1470
setClassLoader,1047
getArguments,947
getFragmentManager,959
getLoaderManager,951
getRetainInstance,945
getTargetFragment,945
getTargetRequestCode,945
getUserVisibleHint,672
isViewFromObject,934
initState,928
makeInactive,939
isAdded,948
isVisible,1019
setMenuVisibility,796
setHasOptionsMenu,946
isDetached,927
isHidden,1116
isInBackStack,928
isInLayout,948
isRemoving,945
isResumed,945
onActivityCreated,961
onAttach,954
dispatchConfigurationChanged,939
dispatchContextItemSelected,939
onCreateAnimation,936
dispatchCreateOptionsMenu,939
doDestroy,939
onDestroyOptionsMenu,950
onDestroyView,950
performDestroyView,928
onDetach,952
onHiddenChanged,949
onInflate,949
onLowMemory,1285
dispatchLowMemory,939
dispatchOptionsItemSelected,939
onOptionsMenuClosed,1137
dispatchOptionsMenuClosed,939
dispatchPrepareOptionsMenu,939
saveFragmentBasicState,921
doStart,939
performStart,928
performStop,946
onViewCreated,931
doReportNextStart,921
performReallyStop,946
doStop,939
doRetain,939
doReportStart,921
registerForContextMenu,962
setOnCreateContextMenuListener,1197
restoreViewState,946
restoreHierarchyState,1038
setArguments,948
setIndex,1057
makeActive,943
setInitialSavedState,929
setPrimaryItem,800
restoreState,1026
setRetainInstance,947
setTargetFragment,946
setUserVisibleHint,673
performPendingDeferredStart,667
startActivityFromFragment,953
buildShortClassTag,929
unregisterForContextMenu,949
popBackStack,948
onDismiss,1004
getDialog,959
getShowsDialog,945
getTheme,1023
isCancelable,945
setOwnerActivity,1053
onCancel,1050
setShowsDialog,947
saveFragmentInstanceState,925
readBundle,1090
writeBundle,1090
execPendingActions,939
doReallyStop,947
dispatchResume,989
onRetainNonConfigurationInstance,1219
onReallyStop,947
identityHashCode,1470
getLastCustomNonConfigurationInstance,796
updateActivity,933
getSupportLoaderManager,947
getSupportFragmentManager,950
invalidateSupportFragmentIndex,853
onAttachFragment,952
onBackPressed,1489
popBackStackImmediate,946
dispatchCreate,984
getFactory,1039
attachActivity,933
onCreatePanelMenu,1184
getMenuInflater,1074
onPreparePanel,1177
getPositionDescription,1070
findFragmentById,954
findFragmentByTag,957
getResourceId,1440
dispatchDestroy,961
onPanelClosed,1182
dispatchPause,982
onPostResume,1200
hasVisibleItems,1061
dispatchReallyStop,939
onRetainCustomNonConfigurationInstance,798
retainNonConfig,939
removeAt,940
dispatchActivityCreated,939
dispatchStart,939
noteStateNotSaved,939
finishRetain,939
dispatchStop,960
onBackStackChanged,945
reportBackStackChanged,939
enableDebugLogging,942
addOnBackStackChangedListener,943
openTransaction,942
executePendingTransactions,949
getBackStackEntryAt,944
getBackStackEntryCount,948
getFragment,1100
putFragment,944
saveState,1026
removeOnBackStackChangedListener,942
onAnimationRepeat,1041
checkStateLoss,939
makeFadeAnimation,927
makeOpenCloseAnimation,927
transitToStyleIndex,939
hasRunningLoaders,672
startPendingDeferredFragments,667
findFragmentByWho,939
saveFragmentViewState,939
getSparseParcelableArray,1043
setBackStackIndex,939
putSparseParcelableArray,1043
saveHierarchyState,1038
destroyLoader,942
onLoadComplete,943
createTypedArray,1061
populate,916
dataSetChanged,916
setCurrentItemInternal,916
pageRight,782
fakeDragBy,784
updateText,653
getItemPosition,932
getPageTitle,675
addNewItem,916
infoForChild,916
notifyChanged,721
registerDataSetObserver,1145
registerObserver,772
updateAdapter,652
startUpdate,937
unregisterDataSetObserver,1117
unregisterObserver,772
makeFragmentName,922
getParcelableArray,999
putParcelableArray,954
idealIntArraySize,936
indexOfKey,955
keyAt,1085
setValueAt,938
indexOfValue,941
idealByteArraySize,936
restartLoader,945
getLoader,942
initLoader,945
installLoader,937
focusableViewAvailable,997
onItemClick,1114
ensureList,943
setListShown,945
setListAdapter,962
getSelectedItemId,1027
getListView,1052
setEmptyText,945
setListShownNoAnimation,945
getListAdapter,955
setDrawSelectorOnTop,1001
onCreateLoader,945
createLoader,937
onLoadFinished,945
callOnLoadFinished,939
onLoaderReset,945
deliverResult,928
dataToString,931
reportStart,921
retain,939
isStatic,1426
startLoading,939
isMemberClass,1332
createAndInstallLoader,937
fillInStackTrace,1156
abandon,929
getParentActivityIntent,578
getParentActivityName,574
addParentStack,574
navigateUpFromSameTask,573
getComponentName,800
navigateUpTo,578
shouldUpRecreateTask,578
dispatchRestoreInstanceState,1031
dispatchThawSelfOnly,1027
dispatchSaveInstanceState,1029
dispatchFreezeSelfOnly,1027
setFlag,576
setOngoing,612
setAutoCancel,608
setOnlyAlertOnce,602
setFullScreenIntent,589
getNotification,622
access$000,979
setContentInfo,601
setContentIntent,623
setContentText,623
setContentTitle,622
setDefaults,600
setDeleteIntent,601
setLargeIcon,599
setLights,590
setNumber,597
setSmallIcon,623
setSound,597
setTicker,613
setVibrate,590
setWhen,607
combineArrayExtra,573
addEmailCc,573
addEmailBcc,573
addEmailTo,573
addStream,573
getParcelableExtra,1541
removeExtra,716
setStream,588
createChooserIntent,573
configureMenuItem,573
startChooser,573
putParcelableArrayListExtra,819
setChooserTitle,573
setEmailBcc,573
setEmailCc,573
setEmailTo,573
setSubject,587
getCallingPackage,599
getCallingActivity,599
getCallingActivityIcon,573
getActivityIcon,615
getCallingApplicationIcon,573
getApplicationIcon,741
getCallingApplicationLabel,573
getEmailBcc,573
getEmailCc,573
getEmailTo,573
getStream,573
isMultipleShare,573
getStreamCount,573
getParcelableArrayListExtra,672
getCharSequenceExtra,681
isShareIntent,573
isSingleShare,573
setIntent,750
setActionProvider,589
getActionProvider,592
setShareHistoryFileName,576
setShareIntent,578
getPendingIntent,573
getActivitiesPendingIntent,572
addNextIntent,574
getIntentCount,573
getActivities,574
postResult,771
postResultIfNotInvoked,771
done,795
setDefaultExecutor,771
doInBackground,934
executeOnExecutor,782
ordinal,1319
getStatus,878
publishProgress,776
onForceLoad,927
waitForLoader,926
onLoadInBackground,926
dispatchOnCancelled,925
dispatchOnLoadComplete,925
executePendingTask,925
cancelLoad,927
onAbandon,927
forceLoad,929
isAbandoned,928
isReset,927
isStarted,933
onReset,929
onStartLoading,929
onStopLoading,929
takeContentChanged,928
onCanceled,927
formatDuration,927
loadInBackground,929
setUpdateThrottle,926
isClosed,1471
getProjection,926
getSelection,928
getSelectionArgs,926
getSortOrder,926
getUri,935
setProjection,926
setSelectionArgs,926
setSortOrder,926
setUri,959
deliverSelfNotifications,952
executePendingBroadcasts,773
sendBroadcastSync,774
countActions,785
getCategories,868
getFlags,1073
resolveTypeIfNeeded,782
newThread,914
appendSelectionArgs,653
concatenateWhere,653
newCreator,916
safeSizeOf,927
sizeOf,928
trimToSize,1029
entryRemoved,928
evictAll,927
createCount,927
evictionCount,927
hitCount,927
maxSize,927
missCount,927
putCount,927
snapshot,927
accumField,925
formatDurationLocked,925
printField,925
dispatchPopulateAccessibilityEvent,909
onInitializeAccessibilityEvent,819
onInitializeAccessibilityNodeInfo,819
onPopulateAccessibilityEvent,819
onRequestSendAccessibilityEvent,818
sendAccessibilityEvent,823
sendAccessibilityEventUnchecked,809
newAccessiblityDelegateBridge,776
newAccessiblityDelegateDefaultImpl,776
newAccessibilityDelegateBridge,766
newAccessibilityDelegateDefaultImpl,765
getImpl,781
getBridge,782
setAccessibilityDelegate,811
metaStateHasModifiers,875
hasModifiers,786
metaStateHasNoModifiers,879
hasNoModifiers,786
normalizeMetaState,792
metaStateFilterDirectionalModifiers,775
getMetaState,1052
executeKeyEvent,790
setShowAsAction,963
setActionView,695
findPointerIndex,1075
onInterceptTouchEvent,1243
onSecondaryPointerUp,917
getActionMasked,961
onPageScrollStateChanged,919
setScrollState,951
onPageScrolled,919
onPageSelected,919
onAdapterChanged,656
onChanged,1112
getCurrentItem,827
updateTextPositions,652
setTextAppearance,932
getDefaultColor,822
getTextColors,851
getDimensionPixelSize,1119
hasValue,753
setInternalPageChangeListener,658
setOnAdapterChangeListener,687
getPaddingTop,1294
getPaddingBottom,1334
setMeasuredDimension,1069
getYVelocity,1040
endFakeDrag,784
canScrollHorizontally,878
canScrollVertically,787
getOverScrollMode,881
setOverScrollMode,786
canScroll,785
getScaledPagingTouchSlop,1005
initViewPager,916
getInterpolation,1263
generateDefaultLayoutParams,801
access$100,738
getInteger,1177
generateLayoutParams,752
onInvalidated,1074
getSuperState,1022
completeScroll,916
setScrollingCacheEnabled,1011
smoothScrollTo,1036
recomputeScrollPosition,782
determineTargetPage,659
endDrag,917
pageScrolled,659
timePassed,882
setPageMargin,838
removeNonDecorViews,659
removeViewAt,1194
beginFakeDrag,783
addFocusables,905
getDescendantFocusability,881
isInTouchMode,920
addTouchables,884
checkLayoutParams,754
arrowScroll,791
pageLeft,782
getContantForFocusDirection,882
playSoundEffect,930
distanceInfluenceForSnapDuration,783
drawableStateChanged,1033
isStateful,970
getDrawableState,917
getOffscreenPageLimit,818
getPageMargin,818
infoForAnyChild,782
onRequestFocusInDescendants,882
getScaledMinimumFlingVelocity,1072
getScaledMaximumFlingVelocity,1133
isFakeDragging,783
getDefaultSize,1060
onPull,879
onRelease,880
setCurrentItem,972
setOffscreenPageLimit,838
setOnPageChangeListener,972
setPageMarginDrawable,838
refreshDrawableState,933
verifyDrawable,958
appendRecord,793
getRecord,776
getRecordCount,776
onAccessibilityStateChanged,778
newAccessiblityStateChangeListener,769
addAccessibilityStateChangeListener,776
getEnabledAccessibilityServiceList,777
getInstalledAccessibilityServiceList,776
isTouchExplorationEnabled,778
removeAccessibilityStateChangeListener,776
newAccessibilityStateChangeListener,762
addChild,788
findAccessibilityNodeInfosByText,798
getActions,800
getBoundsInParent,791
getBoundsInScreen,791
getContentDescription,818
getWindowId,781
isCheckable,875
isClickable,922
isLongClickable,802
isPassword,789
isScrollable,789
isSelected,923
performAction,798
setBoundsInParent,786
setBoundsInScreen,786
setCheckable,894
setContentDescription,869
setFocused,786
setPackageName,805
setParent,790
setPassword,785
setScrollable,818
setSource,791
getSource,913
getAddedCount,777
getBeforeText,777
getCurrentItemIndex,776
getFromIndex,776
getItemCount,784
getMaxScrollX,772
getMaxScrollY,772
getParcelableData,781
getRemovedCount,777
getToIndex,776
isFullScreen,779
setAddedCount,777
setBeforeText,776
setCurrentItemIndex,809
setFromIndex,800
setFullScreen,776
setItemCount,815
setMaxScrollX,779
setMaxScrollY,779
setParcelableData,776
setRemovedCount,777
setScrollX,785
setScrollY,785
setToIndex,799
notifyDataSetInvalidated,972
changeCursor,1010
publishResults,946
convertToString,931
convertResultToString,948
runQueryOnBackgroundThread,933
performFiltering,952
bindView,962
getDropDownView,986
swapCursor,932
newDropDownView,931
getFilter,969
getFilterQueryProvider,929
newView,998
hasStableIds,1002
runQuery,971
setFilterQueryProvider,952
newEdgeEffect,776
onAbsorb,787
setViewResource,929
changeCursorAndColumns,926
newOnQueryTextListener,648
onQueryTextChange,659
onQueryTextSubmit,659
newSearchView,652
setOnQueryTextListener,666
setViewValue,937
findColumns,925
setViewText,934
setViewImage,929
getCursorToStringConverter,926
getStringConversionColumn,926
getViewBinder,927
setCursorToStringConverter,945
setStringConversionColumn,929
setViewBinder,1024
resolveService,183
info,248
flags,82
pattern,112
toNanos,152
setStackTrace,107
setValue,414
containsAll,439
containsValue,518
unmodifiableSortedSet,64
addAndGet,126
getAndAdd,71
comparator,101
headMap,77
lastKey,98
subMap,78
tailMap,86
hasPrevious,523
nextIndex,145
previous,542
previousIndex,159
headSet,74
last,136
subSet,71
tailSet,73
putIfAbsent,178
highestOneBit,121
getDeclaringClass,647
getEnumConstants,351
element,72
ensureCapacity,375
propertyNames,280
emptySet,435
bitCount,187
complementOf,56
copyOf,160
allOf,168
noneOf,245
unmodifiableSortedMap,48
readByte,863
readChar,139
readDouble,300
readShort,610
readUnsignedByte,428
skipBytes,472
writeChar,120
writeChars,78
flip,786
createTempFile,588
map,156
reverseBytes,93
getAddress,445
getByAddress,170
isIPv4CompatibleAddress,52
putShort,183
nativeOrder,462
doPrivileged,351
drainTo,74
remainingCapacity,51
convert,511
newCondition,316
signalAll,305
awaitNanos,77
unconfigurableExecutorService,42
setThreadFactory,67
getThreadFactory,45
unconfigurableScheduledExecutorService,42
getExceptionTypes,61
defaultThreadFactory,127
asReadOnlyBuffer,124
doubleToRawLongBits,170
floatToRawIntBits,252
getItemAtPosition,834
setHeaderTitle,626
getEditableText,258
getGroupId,245
showContextMenu,89
getStringArrayListExtra,380
setCurrentTabByTag,423
wtf,63
getRelativeTimeSpanString,72
appendEncodedPath,80
appendPath,186
before,785
isValidUrl,186
setWakeMode,64
stopForeground,34
startForeground,33
setCanceledOnTouchOutside,391
dismissDialog,85
getApplication,483
getLongExtra,876
getLocalClassName,186
abandonAudioFocus,92
requestAudioFocus,96
lastElement,413
getExternalCacheDir,116
toURI,493
getNextView,52
setSeed,409
toSeconds,95
setGroupVisible,270
setRepeatMode,681
sendStickyBroadcast,57
getOffset,265
inDaylightTime,188
queryBroadcastReceivers,210
notifyObservers,91
getIntentSender,309
startService,1617
putStringArray,831
stopService,481
getPermissionInfo,133
getService,595
createWifiLock,167
fromString,666
setRepeating,436
getInetAddress,362
checkValidity,287
unread,436
needsInput,279
needsDictionary,142
isAbsolute,335
getRawQuery,204
getRawFragment,185
useDelimiter,265
getAllByName,212
getHostName,357
getSubjectX500Principal,201
getSubjectAlternativeNames,238
shutdownInput,138
shutdownOutput,147
getSoTimeout,146
type,191
address,194
isUnresolved,172
awaitUntil,164
isSpaceChar,149
getContextClassLoader,635
limit,501
singleton,329
singletonMap,184
enumeration,413
isProtected,183
isPrivate,185
getAnnotation,1201
getInterfaces,632
isTransient,231
getDeclaredAnnotations,136
getParameterAnnotations,188
isBridge,118
getGenericParameterTypes,189
getGenericReturnType,179
getReturnType,675
isAnnotationPresent,474
getID,732
getGenericInterfaces,525
getEnclosingClass,419
isAnnotation,131
isAccessible,489
getDeclaredConstructor,581
getEnclosingMethod,133
isProxyClass,145
getErrorIndex,123
getSystemResourceAsStream,224
unscaledValue,64
getReadMethod,134
getWriteMethod,139
setReadMethod,37
setWriteMethod,37
getBeanInfo,134
getPropertyDescriptors,134
getPropertyType,86
decapitalize,64
getPlatformMBeanServer,110
getKeys,103
getLeastSignificantBits,420
getMostSignificantBits,424
createRfcommSocketToServiceRecord,39
getRemoteDevice,38
getDefaultAdapter,131
isDiscovering,35
cancelDiscovery,46
startDiscovery,44
addFooterView,731
removeFooterView,350
setAutoLinkMask,145
getColumnName,1231
getColumnNames,1054
getDefaultType,500
extractAlpha,319
getNinePatchChunk,425
setMaskFilter,381
drawARGB,848
isNinePatchChunk,333
moveToLast,410
setLockingEnabled,91
newSingleThreadExecutor,394
addHeaderView,619
getHeaderViewsCount,237
removeHeaderView,83
getCurrentFocus,190
getTabHost,51
onTerminate,524
showAsDropDown,368
setVerticalScrollbarOverlay,182
setError,167
getByteArrayExtra,187
getRemoteSocketAddress,99
setKeepAlive,163
checkError,69
printf,95
newSingleThreadScheduledExecutor,383
myUid,101
setComponentEnabledSetting,179
setForeground,166
stopSelf,129
sendOrderedBroadcast,107
getTargetPackage,49
onDataSetChanged,256
setDataSetObserver,257
access$002,109
setSystemUiVisibility,92
getContentView,173
onUserInteraction,194
checkIntegrity,266
getIcon,150
getDimension,667
setDisplayShowHomeEnabled,123
getActionBar,178
getThemedContext,116
getOrder,243
isDigitsOnly,79
receive,97
getDhcpInfo,118
setBroadcast,24
setWindowAnimations,40
getDisplayedChild,273
setKeyListener,282
getUnicodeChar,202
postAtFrontOfQueue,48
addPreference,202
setOnPreferenceClickListener,413
findPreference,277
setOnPreferenceChangeListener,381
onPrepareDialog,368
onVideoSizeChanged,76
access$102,155
access$202,93
access$1100,84
access$1300,54
access$1200,54
onBufferingUpdate,83
access$1402,42
access$602,50
access$702,79
access$1000,100
access$1600,48
access$1502,43
access$402,53
initVideoView,72
openVideo,72
attachMediaController,72
isAssetUrl,98
toggleMediaControlsVisiblity,72
canPause,62
canSeekBackward,57
canSeekForward,59
getBufferPercentage,110
measureVideo,51
resolveAdjustedSize,74
getConstructors,402
inTransaction,295
setPackage,564
drawPoint,314
openRawResourceFd,207
getQueryParameters,100
setPixels,441
selectAll,286
removeExpiredCookie,129
getPreviewFormat,290
setPreviewSize,528
setPreviewDisplay,621
setFlashMode,139
autoFocus,346
setPreviewCallback,350
setOneShotPreviewCallback,208
startPreview,665
stopPreview,602
getViewTreeObserver,295
formatNumber,192
setLenient,377
getDateInstance,669
hasText,183
removeNetwork,52
getConfiguredNetworks,74
enableNetwork,69
reassociate,41
addNetwork,65
saveConfiguration,51
getDetailedState,96
contentEquals,223
reverse,723
getBaseContext,261
synchronizedList,360
getThread,315
dispatchMessage,149
decrementAndGet,183
isRoaming,203
setReadOnly,83
myTid,103
setResult,400
startActivityFromChild,84
startNextMatchingActivity,79
getDoubleExtra,213
getTitleCondensed,188
hasSubMenu,552
setTitleCondensed,190
removeGroup,212
removeItem,326
setGroupEnabled,205
mapRect,365
isRelative,160
executeInsert,261
simpleQueryForString,91
closeEntry,299
getSystem,220
isFileUrl,81
setTextScaleX,158
getExtensionFromMimeType,124
getFileExtensionFromUrl,416
getPixel,358
getCurrencyCode,181
getSymbol,86
formatIpAddress,120
getIpAddress,237
availableProcessors,137
scheduleWithFixedDelay,123
decodeResourceStream,76
getTextSize,759
getTypeface,349
isBold,96
getGravity,126
normalize,260
invert,144
preConcat,114
preRotate,204
clipPath,662
invalidateDrawable,269
onBoundsChange,165
onLevelChange,86
onStateChange,103
getChildMeasureSpec,453
getAnimation,374
setNaN,87
setInfinity,87
setDecimalFormatSymbols,113
setGroupingUsed,173
getAvailableLocales,228
getVariant,196
propertyChange,49
shiftLeft,81
multiply,403
divideAndRemainder,51
subtract,382
signum,251
shiftRight,80
defineClass,48
getFileName,178
getTimeInstance,318
search,43
acos,413
tan,372
atan2,725
setStrength,77
setDecomposition,49
isJavaIdentifierStart,104
IEEEremainder,80
getProtectionDomain,78
getSecurityManager,190
disjoint,50
getProxyClass,86
getRunningServices,319
setBoolean,195
setChronometer,65
setDouble,115
setImageViewUri,86
setInt,258
setOnClickPendingIntent,552
setString,257
setViewVisibility,347
longForQuery,43
stateSetMatches,168
resize,104
getHitRect,409
destroyActivity,100
getContainer,82
takePicture,290
getSupportedPreviewSizes,276
onReceiveResult,56
getDesiredMinimumWidth,86
setBitmap,432
encodedPath,116
encodedQuery,475
getUserInfo,150
getButton,191
isTaskRoot,95
pingBinder,92
setLayout,325
setBackgroundDrawableResource,218
setSharedPreferencesName,237
onDown,225
setImageMatrix,345
onSingleTapConfirmed,227
setOnZoomInClickListener,245
setZoomSpeed,94
setOnZoomOutClickListener,245
postConcat,291
setIsZoomOutEnabled,189
setIsZoomInEnabled,187
setProgressBarIndeterminate,178
setHighlightColor,87
setMargin,80
getXOffset,109
getYOffset,100
getVerticalMargin,71
getHorizontalMargin,81
setThumb,151
getThumbOffset,80
setTextOff,152
setTextOn,153
setOnTabChangedListener,632
getTabWidget,436
getTabCount,230
getCurrentTab,347
getCurrentTabTag,282
setTransformationMethod,846
setImeOptions,372
setCursorVisible,109
getTransformationMethod,31
requestRectangleOnScreen,82
getFocusedRect,78
updateDate,188
getMonths,176
setIs24HourView,161
setOnTimeChangedListener,132
setCurrentHour,192
setCurrentMinute,192
setCacheColorHint,608
setOnScrollListener,831
getSelector,89
setSelector,404
pointToPosition,122
getFirstVisiblePosition,620
getSelectedView,74
isContentUrl,72
newSerializer,358
copyPixelsToBuffer,126
order,491
unload,162
isFullscreenMode,75
setNavDump,150
setLayoutAlgorithm,306
setGeolocationEnabled,236
setDomStorageEnabled,856
setDatabaseEnabled,646
setDatabasePath,610
pauseTimers,187
resumeTimers,178
setHorizontalGravity,70
setVerticalGravity,52
copyFrom,81
getRouting,199
setRouting,204
setRotate,495
setMonth,57
withSelection,208
withValues,202
newUpdate,205
getPosition,584
onConsoleMessage,554
message,595
updateQuota,626
onGeolocationPermissionsShowPrompt,192
onReceivedSslError,211
getAttribute,196
setAttribute,182
saveAttributes,179
setChunkedStreamingMode,305
setFixedLengthStreamingMode,183
transferTo,365
truncate,180
getDefaultUri,345
getRingtone,337
finishActivityFromChild,148
finishFromChild,161
onApplyThemeResource,159
onChildTitleChanged,147
onContextMenuClosed,166
onCreateDescription,151
onCreatePanelView,173
onCreateThumbnail,151
onKeyLongPress,192
onKeyMultiple,225
onMenuOpened,297
onSearchRequested,210
onTitleChanged,260
onUserLeaveHint,169
onWindowAttributesChanged,191
addContentView,353
setValues,487
putDoubleArray,344
putBooleanArray,364
putLongArray,376
putIntArray,418
scaleCurrentDuration,322
putDouble,547
setDrawFilter,481
firstElement,489
rotateZ,371
setSkew,323
addSubMenu,278
getISO3Country,153
setFillViewport,207
getMinimumWidth,291
getMinimumHeight,403
setCurrency,119
addFrame,285
setOneShot,293
removeDialog,78
onPreferenceTreeClick,102
getHint,103
toggle,180
getCheckedItemPosition,69
setItemsCanFocus,369
setItemChecked,237
getCheckedItemPositions,73
setOnItemLongClickListener,688
getItemIdAtPosition,61
isItemChecked,61
getCalendar,35
hypot,152
computeBounds,57
setPath,27
mapPoints,207
toRadians,369
addOval,23
getStrokeWidth,323
drawOval,307
setFakeBoldText,530
setDither,620
setStrokeMiter,50
addCircle,108
getLocationInWindow,272
isDataUrl,86
drawPicture,126
capturePicture,119
getLocationOnScreen,552
HSVToColor,260
getActiveCount,42
setTarget,76
setDismissMessage,27
myQueue,99
colorToHSV,137
setStretchAllColumns,68
getDayOfMonth,140
setHorizontallyScrolling,114
getCurrentMinute,123
getCurrentHour,123
setHintTextColor,99
toOctalString,118
setMultiChoiceItems,289
setMinimumIntegerDigits,86
getDSTSavings,57
useDaylightTime,140
toPattern,178
setOnLongClickListener,848
setTitleColor,39
getTitleColor,30
closeOptionsMenu,141
openOptionsMenu,166
dismissDropDown,60
showDropDown,65
setThreshold,132
getTextOff,34
getTextOn,33
fullScroll,133
unflattenFromString,150
getDeclaredLength,46
openAssetFileDescriptor,126
isLooping,76
getIndeterminateDrawable,73
isIndeterminate,57
setImageViewBitmap,248
setFloat,94
updateAppWidget,491
setDataPosition,97
zoomIn,61
zoomOut,48
getJavaScriptEnabled,28
getBuiltInZoomControls,29
isMutable,165
setOnMenuItemClickListener,369
glDeleteTextures,33
glGetIntegerv,24
glEnable,39
glBlendFunc,32
asFloatBuffer,290
glTexParameteri,27
glGenTextures,50
glTexImage2D,36
glBindTexture,44
sendSignal,34
maxMemory,266
texImage2D,263
glGetError,31
glClear,46
glDrawElements,23
glClearColor,44
nextDouble,384
setSpacing,105
setFadingEdgeLength,148
setRating,252
setIsIndicator,50
setFilterBitmap,418
getLineForVertical,109
getOffsetForHorizontal,71
getLineForOffset,36
getPackedPositionGroup,130
getPackedPositionChild,123
getExpandableListPosition,71
expandGroup,264
setVerticalFadingEdgeEnabled,178
hasEnded,161
isBeforeFirst,93
getUriFor,74
isGroupExpanded,102
collapseGroup,141
setSelectedGroup,80
getPackedPositionType,101
getExpandableListAdapter,109
getGroupView,77
getFooterViewsCount,174
setHeaderDividersEnabled,73
setFooterDividersEnabled,100
performItemClick,92
duration,65
getEmptyView,79
setNumStars,65
setStepSize,63
setWeightSum,172
getIndexCount,84
getIndex,227
dispatchUnhandledMove,162
cancelLongPress,153
getTabContentView,85
createFromResource,387
getAppWidgetIds,194
getSeconds,177
disable,203
enable,209
getChangingConfigurations,74
getConstantState,164
getPadding,201
getTransparentRegion,44
mutate,116
scheduleSelf,44
setChangingConfigurations,44
unscheduleSelf,47
abort,36
valueSet,68
is24HourFormat,122
onDialogClosed,122
getIntegerInstance,21
setReferenceCounted,208
setSelectionAfterHeaderView,66
writeStringList,93
setTextFilterEnabled,282
addOnGesturePerformedListener,427
fromRawResource,36
removeTextChangedListener,107
recognize,428
putStringArrayList,169
deactivate,123
putNull,116
readStringList,48
onPrepareDialogBuilder,52
setInverseBackgroundForced,103
fromContext,305
setDownloadListener,392
finishConnect,97
isConnectable,70
getShortClassName,58
toGMTString,80
formatFileSize,85
getRunningTasks,339
removeGlobalOnLayoutListener,272
isShown,450
getLayoutId,21
newScheduledThreadPool,295
setTheme,151
getClipBounds,391
createView,41
getEntry,279
defaultFromStyle,170
setToDefaults,85
isEqual,67
getZoomControls,117
usePattern,78
getSelectionEnd,208
setButton2,272
getByte,197
removeElement,216
toPlainString,90
modPow,39
getRunningAppProcesses,382
getRootView,668
setScrollbarFadingEnabled,102
onDataConnectionStateChanged,34
getHistorySize,382
getHistoricalY,313
onScrollStateChanged,207
getPercentInstance,56
createStringArray,87
isActive,170
getLastModified,102
setIfModifiedSince,38
getParcelableArrayList,312
putParcelableArrayList,297
setDrawingCacheEnabled,465
getDrawingCache,455
scrollBy,149
setStartTime,375
getDisplayName,326
getLinksClickable,49
startFlipping,125
setFlipInterval,91
setUnderlineText,185
getWindowVisibility,76
getLocalVisibleRect,79
dismissAllowingStateLoss,396
onResumeFragments,396
performAccessibilityAction,410
calculatePageOffsets,390
performDrag,390
getPageWidth,395
infoForCurrentScrollPosition,390
setBuilder,251
bigPicture,262
setBigContentTitle,263
setSummaryText,262
bigText,263
setSubText,261
setUsesChronometer,262
addLine,260
addInboxStyle,249
addBigPictureStyle,249
addBigTextStyle,250
setHtmlText,393
getHtmlText,393
escapeHtml,393
withinStyle,392
shouldAddChooserIntent,391
editIntentAt,393
getIntents,393
getSupportMenuInflater,76
isActiveNetworkMetered,386
initialValue,384
clearThreadStatsTag,384
getThreadStatsTag,384
incrementOperationCount,384
setThreadStatsTag,388
tagSocket,384
untagSocket,384
idealLongArraySize,389
removeAtRange,388
getAccessibilityNodeProvider,409
setSingleLineAllCaps,390
setNonPrimaryAlpha,400
getMinHeight,393
getTextSpacing,391
setTextSpacing,400
getBaseline,488
getDrawFullUnderline,391
getTabIndicatorColor,391
setDrawFullUnderline,400
setTabIndicatorColor,400
setTabIndicatorColorResource,400
union,676
getTransformation,557
getImportantForAccessibility,419
hasTransientState,392
postInvalidateOnAnimation,433
postOnAnimation,406
postOnAnimationDelayed,392
setHasTransientState,386
setImportantForAccessibility,419
getFrameTime,387
postInvalidateDelayed,423
getFrameDelay,433
getChildRectInPagerCoordinates,390
isGutterDrag,390
infoForPosition,390
getMovementGranularities,389
isAccessibilityFocused,392
isVisibleToUser,392
setAccessibilityFocused,392
setMovementGranularities,389
setVisibleToUser,392
setAccesibilityFocused,385
wrapNonNullInstance,387
createAccessibilityNodeInfo,404
newAccessibilityNodeProviderBridge,386
getCurrVelocity,393
isChild,110
resolveAttribute,146
createPackageContext,334
openXmlResourceParser,136
getKeyboardType,100
isLongPress,85
getCustomView,118
getMenu,122
getSubtitle,118
setCustomView,129
setSubtitle,126
invalidatePanelMenu,108
hasFeature,106
setUiOptions,104
startActionMode,144
setTabListener,123
addOnMenuVisibilityListener,111
getDisplayOptions,112
getNavigationItemCount,109
getNavigationMode,111
getSelectedNavigationIndex,118
getSelectedTab,113
getTabAt,114
newTab,123
removeAllTabs,114
removeTab,109
removeTabAt,109
selectTab,113
setDisplayHomeAsUpEnabled,151
setDisplayOptions,126
setDisplayShowCustomEnabled,118
setDisplayShowTitleEnabled,129
setDisplayUseLogoEnabled,112
setHomeButtonEnabled,113
setListNavigationCallbacks,112
setLogo,104
setNavigationMode,130
setSelectedNavigationItem,120
setSplitBackgroundDrawable,99
setStackedBackgroundDrawable,98
getAlpha,301
getTranslationX,119
getTranslationY,114
setTranslationX,128
setTranslationY,126
loadIcon,348
queryIntentActivityOptions,125
getItemViewType,353
hasPermanentMenuKey,111
jumpDrawablesToCurrentState,104
setAlphabeticShortcut,202
setNumericShortcut,117
setGroupCheckable,157
getKeyData,116
collapseActionView,116
expandActionView,116
getActionView,143
getAlphabeticShortcut,118
getNumericShortcut,117
isActionViewExpanded,114
setOnActionExpandListener,117
setShortcut,157
setShowAsActionFlags,115
addIntentOptions,128
isShortcutKey,115
performIdentifierAction,119
performShortcut,116
setQwertyMode,128
clearHeader,118
setHeaderIcon,162
setHeaderView,125
getLayoutDimension,117
newDrawable,129
getActivityLogo,94
loadLogo,94
getDimensionPixelOffset,258
getFraction,137
canAnimate,142
setInputMethodMode,122
getInputMethodMode,105
setWindowLayoutMode,114
setTouchInterceptor,244
findDrawableByLayerId,176
isOneShot,104
getNumberOfFrames,145
getFrame,139
jumpToCurrentState,115
resolveSize,114
resolveSizeAndState,119
onVisibilityChanged,229
loadInterpolator,207
areAllItemsEnabled,147
isRestricted,126
asAttributeSet,175
getLayout,186
flattenToString,129
setActivated,100
bindDouble,72
bindBlob,72
bindNull,81
getSavepointName,51
move,109
moveToPrevious,142
getInvocationHandler,78
newLine,194
parseByte,618
parseShort,637
getPrivate,58
getPublic,49
generateKeyPair,40
parseObject,103
getNumericValue,73
lookup,37
asCharBuffer,50
asDoubleBuffer,30
asIntBuffer,181
asLongBuffer,35
asShortBuffer,130
compact,148
getChar,36
isUnderflow,137
throwException,121
isOverflow,119
isError,77
isDirect,40
putChar,55
maxBytesPerChar,37
rewind,459
arrayOffset,114
duplicate,70
hasArray,72
slice,119
newDecoder,240
newEncoder,257
setMaximumPoolSize,34
holdsLock,83
channel,74
keyFor,46
getLocalSocketAddress,42
setTrafficClass,22
getSoLinger,44
getKeepAlive,34
getTcpNoDelay,44
getThrown,21
getLoggerName,37
getMillis,23
getG,46
getParams,60
getQ,44
getModulus,56
getPublicExponent,51
getP,47
getenv,60
getEncoded,137
generatePublic,556
initSign,119
initVerify,455
sign,118
verify,487
remainder,36
generatePrivate,131
getAlgorithm,47
getPrivateExponent,21
addProvider,77
exitValue,142
mod,158
setBit,77
modInverse,24
divide,321
gcd,21
testBit,30
isSupported,144
setLocale,39
getParameterSpec,21
getPublicKey,182
setKeyEntry,24
getCertificates,30
getIssuerX500Principal,23
getTrustedCert,21
getExtensionValue,21
getSerialNumber,33
getNotBefore,27
getSubjectDN,126
getIssuerDN,91
getCollection,34
getSeed,23
getFormat,23
generateCertificate,194
getPassword,32
validate,28
getNotAfter,28
check,262
getCertificate,120
getLowestSetBit,28
negate,97
getPolicy,31
getLocale,30
numberOfLeadingZeros,63
setContinueExistingPeriodicTasksAfterShutdownPolicy,24
setExecuteExistingDelayedTasksAfterShutdownPolicy,24
setContextClassLoader,67
force,28
transferFrom,139
getFilePointer,160
getRemaining,23
getImplementationVersion,43
directory,31
onUnmappableCharacter,155
onMalformedInput,131
getSystemResources,162
getCompoundDrawables,71
setCompoundDrawables,414
setDefaultValue,132
divideMessage,120
getDisplayMessageBody,75
getDisplayOriginatingAddress,75
appendCodePoint,221
getIntArray,466
restartPackage,185
flattenToShortString,65
totalMemory,181
getResourcesForApplication,110
getRecentTasks,31
getEntryValues,46
getEntries,89
setIntrinsicHeight,31
setIntrinsicWidth,31
getViewTypeCount,254
performHapticFeedback,32
getWrappedAdapter,62
distanceTo,334
overridePendingTransition,188
setAltitude,48
onFocusChange,77
checkDelete,42
setHorizontalFadingEdgeEnabled,55
setStreamMute,53
quoteReplacement,84
getRotation,243
getCurrentTimezone,23
setDrawingCacheQuality,39
getRating,103
setDefaultZoom,147
setMinHeight,99
setBase,60
getSurface,183
setPictureFormat,75
setFocusMode,128
setVideoSize,30
setVideoEncoder,40
setVideoFrameRate,33
setVideoSource,47
getSecondaryProgress,50
setOnSeekCompleteListener,112
isPressed,219
setStreamType,64
getAnonymousLogger,29
getGenericExceptionTypes,40
getLowerBounds,276
fine,173
getBuffer,305
getGenericDeclaration,294
insertOrThrow,222
getSpans,116
getSpanStart,98
getSpanEnd,94
removeSpan,65
getSpanFlags,24
getLineBottom,25
animateClose,62
isOpened,74
readTypedList,60
writeTypedList,207
readByteArray,58
writeByteArray,112
getTotalPaddingLeft,39
getTotalPaddingTop,30
getLineStart,61
getMovie,32
attachViewToParent,34
onStartCommand,293
incrementProgressBy,194
createInputStream,69
putNextEntry,192
getGlobalVisibleRect,80
getPositionForView,52
getPackedPositionForChild,21
allowPurging,31
readBytes,32
removeViews,149
isFlipping,44
setLinkTextColor,96
createFromResourceStream,38
createFromXml,51
setOnGroupClickListener,98
showSoftInputFromInputMethod,35
sendMultipartTextMessage,65
setSelectedChild,29
addRow,152
writeSerializable,66
buildDrawingCache,175
getChildrenCount,35
drawLines,210
onDeleted,155
onUpdate,166
getContentHeight,57
getScale,46
getHours,298
getMinutes,272
getAvailableIDs,59
newDelete,75
blockingGetAuthToken,33
invalidateAuthToken,101
getPlayState,86
setMode,90
readSerializable,66
getResult,105
getResourceName,227
setFeatureDrawableResource,256
distanceBetween,181
setOnDoubleTapListener,218
getScaleType,55
getChildTabViewAt,118
invalidateViews,170
getConnectTimeout,31
getDownTime,291
toLocaleString,235
onAccuracyChanged,82
onSensorChanged,86
drawRGB,141
copyPixelsFromBuffer,192
getWifiState,197
usedInFix,147
drawImage,80
getBlue,36
getGreen,36
getRed,36
getTransform,29
setTransform,26
getBounds2D,25
createTransformedShape,28
setPaint,30
getLineWidth,56
isItalic,21
getDefaultToolkit,43
intersects,175
concatenate,28
setPosition,24
getGraphics,41
dispose,59
getComposite,27
getFont,32
setBackground,35
setComposite,29
setFont,24
intersect,114
getStyle,153
warning,192
getBase,25
setLoop,82
setRate,88
setKey,140
createPreferenceScreen,120
setEntries,198
setDialogTitle,79
setEntryValues,179
getTrimmedLength,66
enoughToFilter,44
isTracking,144
onKeyPreIme,176
isCanceled,140
startTracking,129
handleUpEvent,39
addOnLayoutChangeListener,34
getSearchActivity,33
getSuggestIntentData,30
getSuggestIntentAction,30
getVoiceLanguageModeId,30
getVoicePromptTextId,30
getVoiceMaxResults,30
getVoiceLanguageId,30
getVoiceSearchLaunchRecognizer,34
getVoiceSearchEnabled,34
getVoiceSearchLaunchWebSearch,34
getHintId,34
getImeOptions,48
getSuggestAuthority,34
getSuggestThreshold,33
getIconResource,49
getDefaultActivityIcon,60
fragment,48
isOutputShutdown,57
isInputShutdown,47
getValues,385
getFocusY,117
getScaleFactor,159
getFocusX,117
setTranslate,272
setMaxEms,25
saveRecentQuery,55
removePreference,154
setSeconds,72
setMinutes,105
setOnChronometerTickListener,21
getNativeHeapAllocatedSize,155
getNativeHeapFreeSize,110
getNativeHeapSize,111
current,58
isHttpUrl,48
getMemoryClass,86
forceLayout,42
removeViewsInLayout,33
setDisplayOrientation,116
setRotation,103
getLongPressTimeout,168
getSectionForPosition,57
getPositionForSection,82
getSections,72
destroyDrawingCache,268
onJsPrompt,117
clearFormData,62
postUrl,63
setStrikeThruText,26
enforceCallingOrSelfPermission,65
dispatchTrackballEvent,144
removeAllIcons,33
isHttpsUrl,53
setToNow,368
getCacheFileBaseDir,30
getRootDirectory,91
nextBoolean,193
onSurfaceDestroyed,196
setTileModeXY,115
getSimState,215
onCloseWindow,99
onCreateWindow,98
onJsBeforeUnload,87
onJsConfirm,100
onJsTimeout,28
onReceivedIcon,99
onReceivedTouchIconUrl,21
onRequestFocus,86
quadTo,182
setRGB2YUV,35
getArray,42
setYUV2RGB,34
getLineHeight,69
sinh,51
setIndicatorBounds,25
setEventsInterceptionEnabled,394
setGestureVisible,406
setGestureStrokeType,396
lineNumber,462
sourceId,455
messageLevel,438
setLayerType,500
setAppCacheEnabled,567
setDisplayZoomControls,416
setAppCachePath,458
setAppCacheMaxSize,462
offsetByCodePoints,26
smoothScrollBy,53
createVideoThumbnail,52
getParcelableArrayExtra,34
setDefaultUseCaches,88
setHours,112
setDate,70
getEncodedPath,93
endRecording,55
beginRecording,55
getThumbnail,111
setPictureListener,108
addOnPreDrawListener,54
roll,46
updateTime,34
getAuthToken,92
addAccount,44
setMatrix,203
getPixelFormatInfo,55
getPreviewSize,155
setErrorCallback,29
remapCoordinateSystem,75
setSpeed,34
setBearing,28
drawChild,67
drawTextOnPath,43
gluLookAt,58
setNotificationUri,268
getRowBytes,213
hasStarted,63
setSoundEffectsEnabled,41
setBaselineAligned,26
setRawInputType,203
setHapticFeedbackEnabled,26
getDesiredMinimumHeight,35
copyValueOf,169
startMethodTracing,92
stopMethodTracing,96
getExternalFilesDir,103
gluPerspective,73
hasAlpha,66
newUpdater,35
isScreenOn,85
enqueue,35
switchTimezone,21
setPluginState,122
getSupplicantState,59
removeViewImmediate,23
setMapTrackballToArrowKeys,23
glTexParameterf,32
cancelAutoFocus,33
removeCallback,75
newKeyguardLock,145
disableKeyguard,144
getCallState,169
requestRouteToHost,39
getContentUri,63
getActualDefaultRingtoneUri,47
adjustStreamVolume,110
getPreferences,85
ellipsize,41
setOnLoadCompleteListener,33
getRecordingState,83
getPreferenceCount,35
onDisabled,132
onEnabled,139
access$1202,36
access$1302,35
access$1400,46
isInPlaybackState,32
setOnPlaybackListener,32
setScalingMode,32
addIdleHandler,73
setCalendar,69
getKeepScreenOn,33
getOwnerActivity,47
getDeclination,109
setWebView,53
getOnFocusChangeListener,36
setRingerMode,106
runFinalizersOnExit,71
moveTaskToBack,77
texSubImage2D,95
nextLine,182
hasNextLine,118
findWithinHorizon,59
nameUUIDFromBytes,70
access$1,31
setOnRatingBarChangeListener,73
setSizeFromLayout,109
getPackageCodePath,124
getHistoricalEventTime,129
getHistoricalX,202
getSurfaceFrame,116
takeSurface,81
getAddressLine,242
getMaxAddressLineIndex,167
addHandler,26
selector,32
selectNow,51
onKey,48
onLongPress,144
commitText,31
setComposingText,22
setPrompt,103
getTypeLabel,21
putByte,206
putFloatArray,29
setImageLevel,23
htmlEncode,88
setWillNotCacheDrawing,40
getCurrentTabView,29
setVolumeControlStream,112
getFreeBlocks,97
setSourceClassName,108
setSourceMethodName,108
setThrown,102
logp,115
getSystemResource,120
getException,145
rehash,98
severe,128
getTimezoneOffset,55
ordinaryChars,36
wordChars,44
killBackgroundProcesses,27
readExternal,66
checkSetFactory,42
getEncoding,105
addUnencodedNativeForFlavor,33
addFlavorForUnencodedNative,33
getDefaultFlavorMap,32
createPackedRaster,32
createInterleavedRaster,32
getParameter,37
encodeDataFlavor,32
getRepresentationClass,40
isRepresentationClassCharBuffer,32
isRepresentationClassInputStream,32
isRepresentationClassByteBuffer,32
isRepresentationClassReader,32
isFlavorTextType,32
isFlavorJavaFileListType,32
getSubType,32
getPrimaryType,32
isFlavorSerializedObjectType,32
getFlavorsForNative,32
decodeDataFlavor,32
getRaster,37
getOffsets,32
getDataBuffer,35
getNumBanks,32
getNativesForFlavor,32
getReaderForText,32
getTransferDataFlavors,34
getTransferData,44
isMimeTypeEqual,35
dropActionChanged,32
dragExit,32
dragOver,32
dragEnter,32
dragMouseMoved,32
selectBestTextFlavor,32
getIntArrayExtra,81
getShader,22
checkCallingOrSelfUriPermission,24
checkCallingPermission,56
clearWallpaper,24
createPendingResult,37
dispatchGenericMotionEvent,27
dispatchKeyShortcutEvent,21
enforcePermission,22
finishActivity,22
getObbDir,24
getPackageResourcePath,25
getWallpaper,27
getWallpaperDesiredMinimumHeight,25
getWallpaperDesiredMinimumWidth,24
grantUriPermission,22
onActionModeFinished,28
onActionModeStarted,28
onWindowStartingActionMode,28
recreate,23
removeStickyBroadcast,23
revokeUriPermission,23
setWallpaper,113
startIntentSender,37
startIntentSenderForResult,23
startSearch,38
stopManagingCursor,29
getDataState,77
gluOrtho2D,46
onCommand,25
onBindView,128
getResourceTypeName,132
removeSessionCookie,71
setStackFromBottom,32
getQuantityString,90
setPaintFlags,48
getDisplayCountry,47
getMediumDateFormat,51
toTitleCase,111
isTitleCase,105
getNextException,80
getActualMinimum,97
getLeastMaximum,79
getMaximum,103
setErrorIndex,84
getShortWeekdays,116
getEras,93
getAmPmStrings,108
getWeekdays,117
getShortMonths,131
getXPrecision,51
getPressure,172
getYPrecision,48
onTouch,128
getCertificateAlias,51
tryAcquire,148
isTerminated,124
requestChildRectangleOnScreen,29
isInEditMode,34
onPreDraw,22
scheduleDrawable,26
unscheduleDrawable,29
peekValue,29
loadAnimator,23
ofFloat,25
setStartDelay,31
setPivotX,33
setScaleX,36
setScaleY,35
setPivotY,33
getPivotX,22
getPivotY,22
getScaleX,29
getScaleY,25
setFrame,32
setAutoMirrored,25
isAutoMirrored,26
setLayoutDirection,32
getLayoutDirection,38
getResourcePackageName,110
openFileDescriptor,75
createStringArrayList,51
onTabChanged,102
makeMainActivity,85
removeOnPreDrawListener,21
getUriForFile,28
openFile,40
buildPath,30
parsePathStrategy,28
getPathStrategy,28
modeToMode,28
resolveContentProvider,52
loadXmlMetaData,43
obtainTypedArray,107
obtainAttributes,36
getExternalCacheDirs,25
getExternalFilesDirs,25
getPackagesForUid,43
signal,82
getClientWidth,35
getChildDrawingOrder,99
removeViewInLayout,83
getViewIdResourceName,29
onActionProviderVisibilityChanged,26
getAbsoluteGravity,37
apply,139
getMarginStart,26
getMarginEnd,26
getAxisValue,29
getLayerType,97
getMeasuredState,27
setListener,32
animate,31
translationX,27
translationY,26
rotation,23
setDrawerLockMode,35
setDrawerListener,35
setScrimColor,35
isOpaque,53
getCoveredFadeColor,33
getParallaxDistance,33
getSliderFadeColor,33
setCoveredFadeColor,34
setPanelSlideListener,34
setParallaxDistance,34
setShadowDrawable,34
setShadowResource,34
setSliderFadeColor,34
getTapTimeout,113
isIdentity,44
setCheckMarkDrawable,24
setButtonDrawable,133
onCheckIsTextEditor,28
setClipToPadding,31
getResourceEntryName,207
onItemSelected,154
cloneInContext,23
onMenuItemClick,36
onLongClick,27
getMeasuredWidthAndState,25
getSuggestedMinimumHeight,25
getSuggestedMinimumWidth,29
setLayoutResource,55
exactCenterY,33
exactCenterX,27
layoutChildren,25
getListPaddingTop,28
getDivider,23
getChoiceMode,31
offsetLocation,92
setDividerDrawable,49
measureChildWithMargins,31
onNothingSelected,45
getColorForState,32
onCreateInputConnection,31
getOnItemClickListener,27
setLong,57
queryIntentServices,60
removeCallbacksAndMessages,103
region,47
currentThreadTimeMillis,52
setTextSkewX,82
addArc,27
isRunning,102
addListener,24
getDateFormat,127
setMarginEnd,23
getMonthString,30
updateDrawState,37
performLongClick,76
saveLayer,45
setLocalMatrix,76
getCompoundPaddingRight,23
synchronizedSet,178
toUri,74
copyOfRange,33
getNetworkId,158
bulkInsert,53
queryNumEntries,39
insertWithOnConflict,28
getScrollFriction,35
setY,27
setX,27
isLayoutRequested,45
readIntArray,30
setTouchDelegate,62
getMaximumFlingVelocity,22
sendEmptyMessageAtTime,122
getUncaughtExceptionHandler,21
createByteArray,77
readParcelableArray,32
writeParcelableArray,32
finishAffinity,26
getPropertyName,30
getAnimations,34
onDestroyActionMode,25
onCreateActionMode,24
onActionItemClicked,24
onPrepareActionMode,24
getKeyDispatcherState,29
onMenuItemActionCollapse,26
onMenuItemActionExpand,26
onCreateActionView,26
onPrepareSubMenu,26
onPerformDefaultAction,26
onActionViewCollapsed,37
setIconifiedByDefault,22
setSubmitButtonEnabled,39
setSearchableInfo,44
setQueryHint,39
setQuery,41
setIconified,40
setOnCloseListener,39
setQueryRefinementEnabled,35
setPrivateImeOptions,22
toGenericString,38
getPressedStateDuration,51
setEventType,28
getRefreshRate,175
toMatchResult,36
toShortString,32
setOnHierarchyChangeListener,28
offsetTo,77
peekDecorView,49
computeHorizontalScrollRange,23
computeVerticalScrollOffset,31
setSmoothScrollingEnabled,36
isSystem,36
setSaveEnabled,43
setVisibilityListener,26
overridesItemVisibility,26
replaceText,24
setClippingEnabled,170
setLayerPaint,35
getDisplay,26
getElevation,45
getEncodedSchemeSpecificPart,52
setThoroughfare,26
getAdminArea,127
getCountryCode,76
setOnZoomListener,53
onCallStateChanged,108
unmarshall,64
getFloatExtra,86
onPreferenceChange,47
marshall,58
getHttpAuthUsernamePassword,30
setHttpAuthUsernamePassword,37
sendMessageAtFrontOfQueue,35
setThreadPolicy,64
permitAll,27
openContactPhotoInputStream,128
makeInAnimation,73
makeOutAnimation,68
getThoroughfare,82
getPostalCode,63
getCountryName,113
bearingTo,33
getObject,29
getMetaData,34
getColumnType,24
getTimestamp,25
createStatement,28
getConnection,24
executeQuery,21
getHandler,56
setPixel,167
onDoubleTap,162
getCurrentSpan,75
setRectToRect,67
isInProgress,77
getDecimalSeparator,24
setNotifyOnChange,29
setMaxDuration,41
getPictureSize,37
getCameraInfo,118
getNumberOfCameras,123
extractThumbnail,29
shouldInterceptRequest,40
reenableKeyguard,121
setUserAgent,57
createTypedArrayList,160
onServiceConnected,57
onServiceDisconnected,57
onItemLongClick,108
getDigitsForRow,50
isWithinCurrentMonth,50
getNumberOfDaysInMonth,50
nextMonth,52
previousMonth,53
setNextFocusUpId,101
format2445,163
format3339,172
getPixelFormat,211
getCurrentTextColor,24
getComponentEnabledSetting,39
getAttributeInt,157
getAppWidgetInfo,41
getGroup,31
setLanguage,97
speak,124
isSpeaking,25
setPitch,25
setSpeechRate,35
setOnShowListener,42
getSummary,49
setFormats,66
onTextContextMenuItem,38
getBaseStationId,124
getGsmSignalStrength,99
newChannel,42
isAdminActive,26
setSpeakerphoneOn,77
setVibrateSetting,39
setMicrophoneMute,25
getVibrateSetting,42
setValueIndex,43
getPreference,37
setOnUtteranceCompletedListener,62
getTimestampMillis,40
lockNow,21
getApplicationEnabledSetting,24
getInstallerPackageName,89
addError,55
getPrimaryError,65
hasError,59
getTimeFormat,144
copyBackForwardList,38
getItemAtIndex,34
getCurrentIndex,33
setInexactRepeating,146
getThemeUpIndicator,28
setActionBarDescription,28
onDrawerClosed,29
onDrawerOpened,29
setActionBarUpIndicator,28
syncState,28
setDrawerIndicatorEnabled,28
onDrawerSlide,28
setOffset,27
makeScaleUpAnimation,28
makeThumbnailScaleUpAnimation,26
makeCustomAnimation,26
toBundle,29
doTabChanged,80
getChildFragmentManager,82
instantiateChildFragmentManager,82
getParentFragment,81
performCreate,82
performActivityCreated,82
performConfigurationChanged,82
performContextItemSelected,82
performCreateOptionsMenu,82
performCreateView,82
performDestroy,82
performLowMemory,82
performOptionsItemSelected,82
performOptionsMenuClosed,82
performPause,82
performPrepareOptionsMenu,82
performResume,82
performSaveInstanceState,82
onViewStateRestored,82
dispatchDestroyView,81
dumpViewHierarchy,81
viewToString,81
willNotDraw,92
isVerticalScrollBarEnabled,94
isHorizontalScrollBarEnabled,92
invalidateSupportFragment,75
createTabContent,84
initFragmentTabHost,80
ensureContent,80
bigLargeIcon,32
addNextIntentWithParentStack,80
getFileForUri,26
addRoot,26
makeMainSelectorActivity,77
makeRestartActivityTask,76
getNetworkInfoFromBroadcast,75
failWrite,77
finishWrite,77
getBaseFile,77
openRead,77
startWrite,77
isLongpressEnabled,78
access$502,27
onShowPress,121
applyDisplay,25
openDrawer,27
isDrawerView,26
closeDrawer,27
getDrawerLockMode,26
setDrawerShadow,29
processTouchEvent,26
shouldInterceptTouchEvent,26
saveLastMotion,26
releaseViewForPointerUp,26
settleCapturedViewAt,26
flingCapturedView,25
getLabelFor,77
getParentForAccessibility,32
setLabelFor,79
dimChildView,25
smoothSlideTo,25
invalidateChildRegion,25
enableLayers,80
setMotionEventSplittingEnabled,31
scrollToItem,80
transformPage,77
sortChildDrawingOrder,28
setPageTransformer,82
setChildrenDrawingOrderEnabledCompat,90
copyNodeInfoNoChildren,26
dispatchOnDrawerClosed,26
dispatchOnDrawerOpened,26
dispatchOnDrawerSlide,26
onDrawerStateChanged,28
updateDrawerState,26
setEdgeTrackingEnabled,26
setDragger,26
setMinVelocity,26
findVisibleDrawer,26
isDrawerVisible,26
hasVisibleDrawer,26
gravityToString,26
hasOpaqueBackground,26
hasPeekingDrawer,26
cancelChildViewTouch,26
peekDrawer,26
clampViewPositionHorizontal,26
closeDrawers,26
onViewPositionChanged,26
onViewReleased,26
tryCaptureView,26
moveDrawerToOffset,26
findDrawerWithGravity,26
smoothSlideViewTo,26
closeOtherDrawer,26
continueSettling,26
setDrawerViewOffset,26
getEdgeSize,26
isContentView,26
onEdgeDragStarted,26
isDrawerOpen,26
findOpenDrawer,26
getDrawerViewOffset,26
checkTouchSlop,26
findTopChildUnder,26
isEdgeTouched,25
getViewDragState,26
onViewDragStateChanged,26
onEdgeTouched,26
createScroller,23
isOverScrolled,25
notifyHorizontalEdgeReached,25
notifyVerticalEdgeReached,25
forceSettleCapturedViewAt,26
newOnCloseListener,28
onClose,34
isIconified,32
isQueryRefinementEnabled,31
isSubmitButtonEnabled,31
getSearchableInfo,38
dispatchOnPanelClosed,25
onPanelOpened,25
dispatchOnPanelOpened,25
onPanelSlide,25
dispatchOnPanelSlide,25
onPanelDragged,25
getViewHorizontalDragRange,26
closePane,25
parallaxOtherViews,25
updateObscuredViewsVisibility,25
openPane,25
canSlide,25
smoothSlideClosed,25
isDrawingCacheEnabled,48
isDimmed,25
isSlideable,25
isViewUnder,26
smoothSlideOpen,25
setAllChildrenVisible,25
onViewCaptured,26
setDragState,26
dragTo,26
clampViewPositionVertical,26
getOrderedChildIndex,26
computeSettleDuration,26
getViewVerticalDragRange,26
reportNewEdgeDrags,26
onEdgeLock,26
checkNewEdgeDrag,26
captureChildView,26
dispatchViewReleased,26
tryCaptureViewForDrag,26
clampMag,26
clearMotionHistory,26
computeAxisDuration,26
ensureMotionHistorySizeForId,26
saveInitialMotion,26
getEdgesTouched,26
isPointerDown,26
getActivePointerId,25
getCapturedView,26
getMinVelocity,25
isCapturedViewUnder,26
addNmeaListener,26
getCdmaDbm,88
waitForDebugger,21
isExternalStorageRemovable,32
getByteCount,31
startTransition,91
penaltyLog,31
setVmPolicy,25
isDrawerIndicatorEnabled,27
superGetParentActivityIntent,80
getDoubleTapTimeout,112
dispatchLongPress,78
cancelTaps,78
getScaledDoubleTapSlop,104
isConsideredDoubleTap,78
onDoubleTapEvent,102
redirectErrorStream,43
suspend,22
setDefaultFontSize,81
getDrawerToggleDelegate,23
isSupportFragmentClass,22
hasOptionsMenu,22
isMenuVisible,22
onPrepareOptionsPanel,22
getFragments,32
isDestroyed,23
getSupportParentActivityIntent,23
setExtras,33
getCharSequence,67
putCharSequence,63
getItemAt,23
getImageMatrix,96
getFloatArray,22
getObbDirs,21
completeWakefulIntent,21
setTargetDensity,76
getSupportActionProvider,22
setSupportActionProvider,22
setSupportOnActionExpandListener,21
registerMediaButtonEventReceiver,37
registerRemoteControlClient,23
unregisterRemoteControlClient,21
unregisterMediaButtonEventReceiver,33
setPlaybackState,23
setTransportControlFlags,23
setPlaybackPositionUpdateListener,59
getMaxVolume,39
adjustVolume,42
getQueue,26
setContentType,22
setPageCount,21
requestCancelDecode,74
getDirectionality,26
codePointBefore,27
getLayoutDirectionFromLocale,24
isRtl,21
addLikelySubtags,21
getScript,24
checkRtl,21
doCheck,21
isRtlTextOrFormat,21
isRtlText,21
getLayoutDirectionFromFirstChar,21
defaultIsRtl,21
onSubUiVisibilityChanged,23
subUiVisibilityChanged,23
refreshVisibility,22
setSubUiVisibilityListener,23
resolveLayoutDirection,21
setMarginStart,21
setAccessibilityLiveRegion,21
setRotationX,28
setRotationY,30
requestParentDisallowInterceptTouchEvent,21
requestSendAccessibilityEvent,21
scaleX,23
scaleY,23
asRecord,21
dispatchHoverEvent,21
getActionSymbolicName,21
requestStop,21
constrain,22
createDragToOpenListener,21
getDragToOpenListener,21
saveLayerAlpha,43
setCustomTitle,49
setCursor,22
readFromParcel,40
afterTextChanged,25
onEditorAction,21
setReadable,45
setWritable,40
dataSize,22
createLongArray,21
getCallingUid,77
block,50
setExtrasClassLoader,33
onReceiveValue,72
getCallingPid,60
getHoldCount,23
putIntegerArrayList,35
getDisplayId,24
getBroadcastItem,48
beginBroadcast,48
finishBroadcast,48
kill,30
copyStringToBuffer,51
getNumRows,36
nCopies,43
unregister,52
drawPaint,102
animateOpen,29
setOnDrawerOpenListener,63
setThumbOffset,33
sendMessageAtTime,49
dispatchOnPreDraw,25
onCheckedChanged,50
getBondedDevices,48
setTileModeX,94
smoothScrollToPosition,61
setPreserveEGLContextOnPause,29
getScanCode,68
setPreviewCallbackWithBuffer,112
getSupportedPreviewFrameRates,108
setPreviewFrameRate,137
getSupportedPreviewFpsRange,65
setPreviewFpsRange,65
addCallbackBuffer,112
getBitsPerPixel,100
addBatch,58
getMotionRange,69
getRange,57
getDevice,70
getDeviceIds,72
getSources,69
glReadPixels,55
canEncode,106
getSupportedFlashModes,76
readyOps,28
getFirstDayOfWeek,66
setConstraints,30
pack,29
getClickCount,31
getPoint,28
enumerate,30
activeCount,42
isDaemon,35
getPriority,126
parse3339,28
setZoom,28
access$0,29
access$2,23
setOnDrawerCloseListener,65
getAsBoolean,48
isUnicodeIdentifierStart,50
getSupportedColorEffects,24
setColorEffect,25
getSupportedFocusModes,101
setPreviewFormat,84
setSceneMode,25
setWhiteBalance,22
onCellLocationChanged,39
onServiceStateChanged,22
onSignalStrengthChanged,44
onSignalStrengthsChanged,58
rint,88
addPropertyChangeListener,22
firePropertyChange,22
getDateFormatSymbols,26
getDepth,25
acquireContentProviderClient,26
getMediaScannerUri,22
eyesDistance,52
getMidPoint,53
findFaces,53
getScaledEdgeSlop,30
setCrossFadeEnabled,32
willNotCacheDrawing,30
getDrawingCacheBackgroundColor,39
setForegroundGravity,23
clearSpans,37
hasCategory,55
formatDateTime,95
getDayOfWeekString,33
getFontSpacing,31
setResource,48
getParcelFileDescriptor,24
isFirst,57
setSubpixelText,80
setButton3,44
setGeolocationDatabasePath,38
getDeviceConfigurationInfo,32
incrementSecondaryProgressBy,29
clearProperty,33
getHeaderFieldDate,33
getHeaderFieldInt,55
setProjectionMap,94
setRecyclerListener,26
setPrimaryClip,24
newPlainText,26
getBaseStationLatitude,59
getBaseStationLongitude,57
getSystemId,106
getLongArray,51
lockInterruptibly,43
setFeatureDrawableAlpha,28
isNativeMethod,24
finest,54
isHeldByCurrentThread,48
canRender,33
canDetectOrientation,51
clearCheck,55
getLongDateFormat,22
onLooperPrepared,25
setTranscriptMode,45
stopSelfResult,34
sqlEscapeString,92
startUsingNetworkFeature,24
setAutoDismissed,24
removeAllActivities,92
getLocalActivityManager,69
getGroupCount,52
getChildView,34
isLocked,41
listenUsingRfcommWithServiceRecord,29
getBondState,28
setPositionNotificationPeriod,48
setRecordPositionUpdateListener,28
showInputMethodPicker,46
glVertexAttribPointer,34
glUseProgram,36
glUniformMatrix4fv,32
glEnableVertexAttribArray,36
glActiveTexture,35
glDisable,38
orthoM,34
multiplyMM,47
setRotateM,40
glGetUniformLocation,37
glGetAttribLocation,36
valid,21
setStereoVolume,64
multiplyMV,31
frustumM,28
setIdentityM,45
scaleM,38
translateM,45
setTileModeY,67
getButtonState,23
isDbLockedByOtherThreads,23
resolveProxyClass,33
replaceWith,60
setPort,23
setAddress,35
aliases,41
getOriginalUrl,28
getIntegerArrayListExtra,30
putIntegerArrayListExtra,36
getDeclaredClasses,83
stripSeparators,40
setAsText,24
getStrokeCap,29
getStrokeMiter,26
getPathEffect,27
getStrokeJoin,28
drawPoints,44
getPaintFlags,44
getProcessMemoryInfo,21
RGBToHSV,93
getPermissions,56
fillWindow,21
onMove,27
setShort,37
mapRadius,22
unloadSoundEffects,42
setSummaryOff,33
setSummaryOn,31
setSharedPreferencesMode,26
setDependency,30
getDomainCombiner,35
getCodeSource,64
setZoomOutEnabled,30
setZoomInEnabled,30
onOffsetsChanged,51
setHorizontalScrollbarOverlay,47
getAllStackTraces,26
writeExternal,49
getSerialVersionUID,25
isEnumConstant,32
setCertificateEntry,38
incReserve,32
getFlashMode,54
getSupportedPictureSizes,73
setJpegQuality,29
setPictureSize,117
setOnGroupExpandListener,76
setOnGroupCollapseListener,61
getLocation,24
setErr,63
setOut,59
setIn,44
setMethod,51
getCompressedSize,27
setCrc,45
getExtra,81
setExtra,41
setProperties,32
getChecksum,41
isUnmappable,30
isMalformed,31
getTotalIn,36
getTotalOut,37
getDoOutput,25
getExpiration,21
useHttpAuthUsernamePassword,25
getHitTestResult,41
clearChoices,55
getSubThoroughfare,30
getSubLocality,30
setLinearText,45
getBooleanArray,43
getNextJarEntry,21
setNextFocusDownId,57
setSmoothScrollbarEnabled,36
getAzimuth,32
getPrn,32
getISO3Language,71
getCookieStore,24
findResource,24
getEnclosingConstructor,26
createUnion,24
setGregorianChange,25
isUnicodeIdentifierPart,28
finer,48
setActualDefaultRingtoneUri,105
getContentUriForPath,103
isLanguageAvailable,29
reconnect,23
userActivity,24
calculateSignalLevel,24
reverseOrder,44
getLinkSpeed,28
getUidRxBytes,28
getUidTxBytes,27
onDesiredSizeChanged,27
getDisplayLabel,33
findIndexOfValue,40
setClipChildren,23
setYear,48
getContextMenuInfo,29
disablePlatformNotifications,62
getRawSchemeSpecificPart,21
config,32
isSet,25
setSyncAutomatically,21
addAccountExplicitly,28
joinGroup,22
getFocusMode,71
flatten,21
getScanMode,21
newRow,29
storeToXML,31
loadFromXML,37
firstEntry,26
higherEntry,24
invokeAll,22
invokeAny,22
isGlobalPhoneNumber,32
getLongArrayExtra,26
getIssuedTo,37
getCName,37
onSharedPreferenceChanged,22
clearBindings,37
getHistoricalPressure,74
getNewValue,22
availableCharsets,41
getTimeDelta,27
isVarArgs,35
getPlaybackHeadPosition,30
guessContentTypeFromName,40
guessFileName,21
gluErrorString,32
getIntegerArrayList,52
setRows,21
startTone,46
isZoomSupported,25
getMaxZoom,26
getMinExposureCompensation,22
getMaxExposureCompensation,22
checkSignatures,34
glCompileShader,36
glGetShaderiv,32
glShaderSource,36
glDeleteShader,31
glCreateShader,36
glGetShaderInfoLog,31
glUniform1f,28
glCreateProgram,36
glAttachShader,36
glGetProgramiv,32
glGetProgramInfoLog,30
glLinkProgram,36
glDeleteProgram,32
glUniform1i,32
glViewport,46
isFailover,42
glDrawArrays,35
startLayoutAnimation,29
showContextMenuForChild,22
startQuery,23
setIntersect,35
access$3,23
getEditText,39
glBindFramebuffer,30
glFinish,21
toggleSoftInputFromWindow,21
isSpace,29
glGetString,37
getSubAdminArea,42
getSupportedPreviewFormats,39
setGroupingSeparator,22
restartInput,50
isSymPressed,37
updateExtractedText,37
onSelectionChanged,36
clearChildFocus,26
getIssuedBy,33
getValidNotAfter,33
getOName,33
getUName,33
getValidNotBefore,31
getCurrentSpanY,26
getPreviousSpanX,26
getPreviousSpanY,26
getCurrentSpanX,26
getPreviousSpan,49
prepareForInsert,21
setTextKeepState,23
setPersistentDrawingCache,31
formatDateRange,26
setPhone,32
getDetailedStateOf,26
getVoiceMailNumber,39
addObserver,24
getAttributeFloatValue,30
readMap,27
setColumnStretchable,28
stopTone,24
glGenFramebuffers,25
glFramebufferTexture2D,25
glCheckFramebufferStatus,21
getTotalPss,23
browse,35
isDesktopSupported,26
getDesktop,35
getDefaultValue,24
loadContactPhoto,25
loadTexture,31
glBindBuffer,23
glBufferData,22
glDisableVertexAttribArray,21
glGenBuffers,22
isToday,36
setFirstDayOfWeek,31
