other_Feature_degree_assortativity_coefficient,5467
other_Feature_degree_pearson_correlation_coefficient,5467
other_Feature_number_of_isolates,5467
other_Feature_average_clustering,5467
other_Feature_triangles,5467
other_Feature_reciprocity,5467
other_Feature_average_degree_connectivity,5467
other_Feature_transitivity,5467
put,4406
unmodifiableMap,699
append,5415
loadUrl,2821
toString,5418
get,5071
equals,5279
getPath,2452
getHost,1698
remove,3279
isHierarchical,591
getScheme,1424
getAuthority,675
getHeaderField,1767
parseFloat,1470
hasMoreTokens,1548
nextToken,1711
start,4125
setInstanceFollowRedirects,1231
disconnect,2233
connect,3307
length,5047
getResponseCode,2717
readLine,4088
getApplicationContext,2561
trim,3152
getInputStream,3762
openConnection,3722
destroy,1308
stopLoading,1114
loadDataWithBaseURL,1229
setWillNotDraw,478
setVisibility,3750
setWebViewClient,2361
getPackageName,3462
getPackageManager,3112
getDefault,4114
getLanguage,2079
getPackageInfo,2731
interrupt,1565
notify,3284
add,4808
elapsedRealtime,1653
wait,1424
getLong,3534
getSharedPreferences,3664
next,3953
iterator,3876
hasNext,3891
commit,4445
edit,4444
putLong,3253
clear,3357
post,2815
removeCallbacks,1610
postDelayed,2418
isEmpty,2723
getString,4729
getSerializable,867
putSerializable,873
putString,4120
size,4706
longValue,2992
setJavaScriptEnabled,3064
onMeasure,1750
getResources,3974
getDisplayMetrics,2400
getMode,1161
getSize,1588
parse,4913
shouldOverrideUrlLoading,535
split,3802
resolveActivity,1140
getContext,1652
endsWith,2876
toLowerCase,3233
floatValue,1504
stopPlayback,745
pause,943
setVideoPath,697
seekTo,812
setBackgroundDrawable,2558
setOnClickListener,4415
setImageDrawable,1838
addView,3093
getSettings,2777
requestFocusFromTouch,295
addJavascriptInterface,1486
setWebChromeClient,1611
setOrientation,2454
getStringExtra,3127
onCreate,5439
addRule,2150
setFlags,3239
setMargins,1804
onWindowFocusChanged,1074
canGoBack,1464
goBack,1475
onProgressChanged,759
setProgress,2385
reload,422
canGoForward,1045
goForward,1071
desiredAssertionStatus,1549
close,4891
read,4132
getCacheDir,1098
write,3939
exists,3244
substring,4755
indexOf,4400
parseInt,4424
open,2697
createFromStream,1255
getAssets,2324
getBytes,3836
startActivity,3483
putExtra,4109
equalsIgnoreCase,3041
setClass,2019
startsWith,3865
lastIndexOf,2608
replace,3123
sleep,3732
getProvider,167
getLongitude,2099
getLatitude,2099
addAll,1446
getWritableDatabase,180
moveToNext,2842
rawQuery,1294
getColumnIndex,2443
getInt,3975
insert,2548
update,3199
execSQL,2272
sendToTarget,477
obtain,1646
getInstalledPackages,1613
loadLabel,1404
getApplicationLabel,700
getRecentTasks,36
getSystemService,4508
getApplicationInfo,2320
currentTimeMillis,4635
getLastKnownLocation,1663
requestLocationUpdates,1563
removeUpdates,1219
getDefaultDisplay,2784
ceil,919
getMetrics,2133
getTypeface,701
setText,4811
setPadding,2447
setTextColor,2771
setTextSize,2611
setTypeface,1896
setBounds,1113
setLayoutParams,2774
getBackground,1567
setAlpha,1867
setGradientType,98
setGravity,2519
decodeStream,2269
setImageBitmap,1931
setScaleType,1872
toByteArray,3062
getInstance,3579
getTimeInMillis,1398
getSubscriberId,2131
getDeviceId,3686
getConnectionInfo,1468
getMacAddress,1232
getProperty,2278
load,1388
keySet,2299
getMessage,3398
encode,2650
toCharArray,2308
charAt,2985
startAnimation,2058
setDuration,2295
setAnimationListener,1238
loadAnimation,1031
getChildAt,957
getChildCount,1225
containsKey,2741
booleanValue,2834
setAdjustViewBounds,615
setId,1875
getLocationOnScreen,188
removeView,1511
sendEmptyMessage,1651
isLoggable,1512
intValue,3939
setDataAndType,2719
getActivity,3326
setLatestEventInfo,3042
cancel,3551
handleMessage,1669
renameTo,929
addFlags,3124
getColumnIndexOrThrow,1234
getSubtypeName,446
getSimpleName,1795
getCount,2380
getContentResolver,3194
checkCallingOrSelfPermission,1683
moveToFirst,2772
getActiveNetworkInfo,2911
query,3033
getType,2486
printStackTrace,5065
getContentLength,1600
setAllowUserInteraction,458
seek,586
setRequestProperty,2294
getAbsolutePath,2351
getRuntime,1721
getAbsoluteFile,313
setConnectTimeout,2996
setReadTimeout,2630
exec,1628
getAvailableBlocks,939
getExternalStorageDirectory,2698
waitFor,1156
getDataDirectory,507
getExternalStorageState,1938
getFilesDir,1784
getBlockSize,978
mkdirs,2543
execute,764
newCachedThreadPool,435
setRequestMethod,3361
getURL,1110
setDoOutput,2861
addRequestProperty,856
setFollowRedirects,949
getOutputStream,2508
getContentEncoding,289
getContentType,797
addURI,384
match,440
setTables,474
delete,3442
withAppendedId,827
randomUUID,1267
getBlob,1441
compress,1142
isRecycled,673
recycle,1855
addAction,1933
addDataScheme,954
registerReceiver,2321
show,4573
getExtras,3638
setNegativeButton,2977
setTitle,3362
setPositiveButton,3197
setMessage,3964
getIntExtra,1980
getNetworkOperator,2515
getCellLocation,679
getPhoneType,383
getCid,698
getLac,692
setLongitude,201
parseDouble,1690
setTime,1231
setLatitude,201
getBoolean,3510
format,3340
getOrientation,971
round,1683
getWidth,2970
getHeight,2827
getTime,2655
getBestProvider,1026
setAccuracy,1056
setCostAllowed,829
getMainLooper,1112
replaceAll,2072
set,3175
getAttributeUnsignedIntValue,999
sqrt,988
setCornerRadii,96
getLevel,78
setProgressDrawable,167
argb,1558
getNumberOfLayers,90
getDrawable,2029
setLevel,142
setGradientRadius,99
setGradientCenter,77
getId,2243
getProgressDrawable,78
getClass,3384
startNow,967
setInterpolator,1336
setFillAfter,1206
uptimeMillis,957
getParent,1599
getVisibility,1426
onAttachedToWindow,1529
onDetachedFromWindow,1700
onWindowVisibilityChanged,1194
unregisterReceiver,1738
getDataString,1158
getAction,3999
getLaunchIntentForPackage,1457
getAttributeValue,1978
getAttributeIntValue,1213
setStroke,34
setCornerRadius,122
draw,1312
createBitmap,2100
height,1156
parseColor,865
setStyle,1671
setColor,1972
drawRect,1535
width,1148
forName,2851
setOnTouchListener,1630
makeText,3805
random,1579
digest,2849
reset,2052
toHexString,2388
toUpperCase,1961
sendEmptyMessageDelayed,765
onPageFinished,1158
onPageStarted,1028
onReceivedError,807
enablePlatformNotifications,478
putBoolean,3222
putExtras,1949
putInt,3604
setScrollBarStyle,996
setBlockNetworkImage,80
setCacheMode,602
addAnimation,1164
rgb,955
decodeByteArray,1813
red,1103
setBackgroundColor,2429
green,1103
blue,1103
parseLong,2588
getEventTime,427
getY,2115
getX,2225
setStartOffset,1022
asList,1519
create,3537
contains,4008
onTouchEvent,1507
onTrackballEvent,880
onDraw,1448
clipRect,553
onKeyDown,2842
onKeyUp,1187
setPressed,1039
bringToFront,601
matcher,1914
compile,2302
find,1137
flush,3728
currentThread,1814
getName,3254
prepare,1467
setRequestedOrientation,376
decode,1220
getQuery,536
clearAnimation,787
addCategory,2182
dismiss,3526
removeAllViews,1856
setRepeatCount,722
isLetter,686
isLowerCase,268
replaceFirst,1084
getAttributes,830
getWindow,1654
toBinaryString,312
setDownloadListener,628
getUrl,363
setOnDismissListener,383
setContentView,887
setAttributes,590
getLayoutParams,1277
getRequestedOrientation,261
entrySet,2199
getValue,2289
getKey,2231
getNetworkOperatorName,1542
getCountry,1813
getFontMetrics,488
measureText,1193
setImageResource,2375
setCancelable,3076
requestFeature,430
finish,1859
matches,1606
getCanonicalFile,62
listFiles,1804
getParentFile,1018
translate,1646
save,1483
getMatrix,1191
restore,1448
postTranslate,1241
rotateY,1154
preTranslate,1199
initialize,1159
nextInt,2769
getPixels,936
postScale,958
postInvalidate,305
restoreToCount,290
getSaveCount,228
drawBitmap,1950
max,1746
getRef,136
putAll,1058
getErrorStream,681
getProperties,811
createInstance,309
removeAllCookie,158
getLocalizedMessage,218
join,678
sync,286
setVerticalScrollBarEnabled,974
setCompoundDrawablePadding,115
requestWindowFeature,455
setHorizontalScrollBarEnabled,925
getWindowManager,1977
setCompoundDrawablesWithIntrinsicBounds,269
getTitle,479
compareToIgnoreCase,607
setLength,997
getUserAgentString,1622
copy,240
getConfig,274
arraycopy,2534
createNewFile,2032
sendMessage,2246
run,1013
addElement,1678
elementAt,1838
abs,2261
openFileOutput,1691
deleteFile,803
getFileStreamPath,628
openFileInput,1120
getTypeName,1727
isConnected,2212
getBackgroundDataSetting,29
hashCode,2269
getAllNetworkInfo,718
before,256
isNetworkRoaming,176
getSubtype,249
getLine1Number,2437
containsValue,145
removeLast,231
removeMessages,919
schedule,2458
clearCache,840
clearHistory,314
setBackgroundResource,1954
onConfigurationChanged,986
onDestroy,3809
setOnPreparedListener,781
setOnCompletionListener,995
setScreenOnWhilePlaying,127
setDataSource,483
setAudioStreamType,362
prepareAsync,161
setOnErrorListener,704
setDisplay,163
setOnVideoSizeChangedListener,157
stop,1053
release,2184
isPlaying,660
onPause,2612
getCurrentPosition,396
setFixedSize,196
onRestoreInstanceState,475
onResume,3035
onSaveInstanceState,646
setFocusableInTouchMode,341
min,2104
getConfiguration,1778
setType,2116
getHolder,133
addCallback,684
setFocusable,805
getAttributeBooleanValue,1591
openRawResource,1910
getBitmap,1362
drawText,1150
setBitmap,294
setSingleLine,1043
invalidate,1112
onStart,2644
isMutable,116
applyTransformation,222
binarySearch,468
sort,1947
clone,1230
setEnabled,2124
setTransformationType,181
setTag,1476
getInterpolation,193
setValues,203
getDuration,835
toArray,2053
putDoubleArray,152
putBooleanArray,216
doubleValue,1631
putLongArray,220
putIntArray,245
putStringArray,274
setRepeatMode,677
scaleCurrentDuration,151
setFillBefore,262
getMethod,2381
invoke,3181
putDouble,185
putBundle,303
setDrawFilter,264
addRoundRect,966
eraseColor,235
setStrokeWidth,1578
drawPath,1052
clipPath,231
getData,1392
firstElement,280
removeAllElements,533
getTag,1498
setIndeterminate,1359
rotateX,906
rotateZ,712
alpha,984
mkdir,2058
setSkew,166
queryIntentActivities,1809
setJavaScriptCanOpenWindowsAutomatically,1124
setPluginsEnabled,861
setSaveFormData,512
setUserAgentString,1147
setSavePassword,439
setLoadsImagesAutomatically,265
onFocusChanged,819
startService,3624
getFromLocation,485
getCountryCode,308
getNetworkCountryIso,1024
newScheduledThreadPool,589
getActivityInfo,527
makeMeasureSpec,666
removeViewAt,485
isWifiEnabled,459
nextDouble,556
getContent,534
newFixedThreadPool,235
submit,342
openStream,983
fill,1041
getRawOffset,356
getMemoryInfo,723
getSimOperator,946
checkPermission,1343
redirectErrorStream,211
directory,202
setLineSpacing,221
setMaxLines,368
drawARGB,226
getResourceAsStream,2364
createScaledBitmap,915
drawRoundRect,574
setXfermode,533
setAntiAlias,1663
getRepeatCount,433
setAction,3215
fromFile,2401
obtainMessage,1311
setData,2959
getConstructor,1103
newInstance,2769
isFinishing,669
startActivityForResult,876
println,2912
setDoInput,2631
loadData,363
setTouchInterceptor,48
setTouchable,40
setHeight,677
setAnimationStyle,68
showAtLocation,466
setWidth,336
setOutsideTouchable,57
measure,372
getMeasuredHeight,621
getMeasuredWidth,347
setRenderPriority,43
setLightTouchEnabled,209
setAcceptCookie,295
onStop,1833
getInstalledApplications,517
getParcelableExtra,652
dispatchTouchEvent,1134
writeInt,1010
writeString,671
writeByte,511
setAccessible,1750
getDeclaredConstructor,1215
getSimSerialNumber,1295
getField,1672
onCloseWindow,195
onCreateWindow,182
onJsAlert,237
onJsBeforeUnload,182
onJsConfirm,169
onJsPrompt,455
onReceivedIcon,468
onReceivedTitle,736
onRequestFocus,181
getResponseMessage,935
getLastPathSegment,845
runOnUiThread,1082
setComponent,1935
onPostExecute,1047
onPreExecute,757
setDefaultTextEncodingName,669
setBuiltInZoomControls,1021
setTheme,594
setAllowFileAccess,937
setSupportZoom,683
getClipBounds,709
inset,632
doubleToLongBits,1397
readString,637
readByte,547
readInt,1025
writeInterfaceToken,318
transact,319
onTransact,355
enforceInterface,324
writeStrongBinder,68
writeLong,467
readStrongBinder,80
queryLocalInterface,318
readLong,976
getLooper,777
generatePublic,380
poll,587
unbindService,315
quit,329
offer,297
bindService,308
setString,36
quote,120
verify,107
initVerify,96
getScanResults,130
getRssi,99
getSSID,139
nextElement,1450
hasMoreElements,1602
entries,497
getNetworkInfo,2135
isAvailable,1698
getExtraInfo,1387
toExternalForm,381
isAbsolute,150
toURL,92
getText,3040
getHeaderFieldKey,150
setCookie,124
getCookie,123
getStringArray,787
setSoftInputMode,137
drawableStateChanged,127
isShowing,1326
setOnCancelListener,819
toLocaleString,127
applyDimension,784
setKeepScreenOn,341
getBundleExtra,717
onReceive,605
getReceiverInfo,535
getAccuracy,1065
getEncodedQuery,626
isMusicActive,656
isSpeakerphoneOn,658
getRingerMode,872
loop,240
getProgress,812
hideSoftInputFromWindow,516
getBlockCount,285
setTimeInMillis,1189
reverse,359
getProviders,318
isProviderEnabled,994
getHeaderFields,357
drawLine,758
scheduleAtFixedRate,670
compareTo,2311
getIpAddress,151
setMinimumHeight,706
preRotate,171
setImageMatrix,153
preScale,225
getInetAddresses,621
getHostAddress,821
isLoopbackAddress,619
getNetworkInterfaces,621
getAllVisitedUrls,108
isAfterLast,936
getSuperclass,966
getDeclaredField,615
isPublic,676
getModifiers,986
getDeclaringClass,758
setMax,814
clearFocus,411
getKeyCode,801
divide,103
setScale,305
multiply,83
setMinimumWidth,590
layout,562
setInitialScale,577
setIndeterminateDrawable,113
setUseWideViewPort,363
onRestart,605
setMaxWidth,120
requestFocus,1099
setMaxHeight,120
onClick,547
dispatchTrackballEvent,378
clearFlags,489
getDefaultUncaughtExceptionHandler,632
setDefaultUncaughtExceptionHandler,655
totalMemory,75
freeMemory,146
maxMemory,44
enforceCallingOrSelfPermission,376
setPathEffect,851
dispatchDraw,182
onLayout,698
findViewById,2502
uncaughtException,620
getPackage,1116
getStackTrace,788
getSensorList,301
getTimeZone,1206
getDisplayName,124
getFields,221
registerListener,629
getDefaultSensor,479
unregisterListener,609
vibrate,616
getNetworkType,598
getDrawingCache,496
getDatabasePath,196
setOutputFormat,120
setAudioSource,120
setAudioEncoder,120
setOutputFile,120
getMaxAmplitude,33
dispatchUnhandledMove,415
setNavDump,24
setSupportMultipleWindows,216
getMethods,545
getDir,417
removeAllIcons,26
setOnBufferingUpdateListener,191
onError,129
sendBroadcast,1941
getVideoHeight,134
onPrepared,133
getVideoWidth,134
onCompletion,134
proceed,70
setNeutralButton,1146
setView,1506
confirm,1142
setProperty,675
postRotate,559
decodeResource,1633
addContentView,1007
isValidUrl,82
getBundle,921
isAssetUrl,24
isHttpUrl,191
isHttpsUrl,356
dispatchKeyEvent,671
setClassName,1901
regionMatches,497
getSimCountryIso,625
getRunningTasks,603
available,2505
setUseCaches,1848
print,503
getAll,1254
getDeclaredMethod,1223
purge,237
finalize,1037
stopFlipping,89
getCurrencyInstance,21
fromHtml,1271
setAnchorView,271
setVideoURI,162
setMediaController,376
setIcon,2420
onCreateOptionsMenu,1372
getItemId,2397
saveBookmark,69
onContextItemSelected,377
removeFirst,186
scrollBy,269
scrollTo,444
getScrollX,174
getScrollY,445
push,983
setAnimation,193
getClassLoader,977
cast,414
newProxyInstance,93
pop,899
setInAnimation,741
setOutAnimation,703
writeBytes,1333
getDefaultVideoPoster,137
getVideoLoadingProgressView,137
getVisitedHistory,137
onConsoleMessage,166
onExceededDatabaseQuota,137
onGeolocationPermissionsHidePrompt,484
onGeolocationPermissionsShowPrompt,520
onHideCustomView,192
onJsTimeout,137
onReachedMaxAppCacheSize,137
onReceivedTouchIconUrl,138
onShowCustomView,198
getSimState,718
getFloat,632
putFloat,502
getLocalClassName,69
getBaseStationId,77
getNetworkId,91
getSystemId,49
hasWindowFocus,119
setDomStorageEnabled,144
setAppCacheMaxSize,74
setGeolocationEnabled,521
setDatabaseEnabled,71
setAppCacheEnabled,117
doUpdateVisitedHistory,34
onFormResubmission,100
onLoadResource,200
onReceivedHttpAuthRequest,107
onScaleChanged,100
onTooManyRedirects,103
onUnhandledKeyEvent,100
shouldOverrideKeyEvent,36
setClickable,989
setLoadWithOverviewMode,80
name,1129
exit,1082
getFilePointer,32
codePointAt,427
sin,640
getCanonicalPath,150
loadLibrary,1067
newCondition,128
unlock,852
lock,842
await,281
take,62
setThreadPriority,119
nanoTime,261
list,879
setProgressStyle,840
getDownTime,56
performClick,102
setColorFilter,327
parseBoolean,648
getIntent,546
setOnLongClickListener,234
setItems,533
getMinBufferSize,148
setButton,856
createChooser,705
play,732
startRecording,69
allocate,191
array,261
capacity,170
position,463
remaining,393
byteValue,1279
isArray,964
shortValue,953
putShort,53
floatToIntBits,166
wrap,441
duplicate,33
getDouble,291
getShort,272
getComponentType,948
getLength,571
unmodifiableSet,409
flip,151
limit,261
isInterrupted,104
hide,415
getCallState,198
getClassName,807
sendTextMessage,2244
fromParts,350
getDate,281
onLowMemory,812
onRebind,73
onUnbind,937
setProgressBarVisibility,90
setProgressBarIndeterminateVisibility,91
extractAlpha,77
setLayerInset,39
getPaint,310
transform,61
addPath,77
addCircle,24
addRect,87
offset,85
getQueryParameter,427
clearView,142
setShader,800
addState,439
setDefaultZoom,30
moveTo,260
showNext,276
showPrevious,205
getWindowToken,449
getStringArrayListExtra,29
setDensity,348
incrementAndGet,75
setSelected,171
setEllipsize,784
setFactory,498
lastModified,904
canWrite,158
isDirectory,1570
isFile,747
unregisterContentObserver,213
registerContentObserver,304
putStringArrayListExtra,21
setFillEnabled,131
getDisplayLanguage,93
toCharsString,403
getAltitude,256
onAnimationEnd,186
onAnimationStart,83
hasStarted,25
drawCircle,558
parseShort,328
cos,616
isNaN,1086
acos,357
writeObject,881
readObject,803
onCustomViewHidden,308
updateQuota,252
generatePrivate,239
onLocationChanged,230
onProviderDisabled,228
onProviderEnabled,228
onStatusChanged,228
isWhitespace,530
buildUpon,457
build,655
appendQueryParameter,379
concat,1266
getByteArray,126
setMarqueeRepeatLimit,154
setHorizontallyScrolling,47
onSizeChanged,942
getTextSize,1131
isRoaming,181
setHint,493
putByteArray,130
setFormat,276
getPackageArchiveInfo,734
onCancelled,552
scale,231
getSupplicantState,142
setLastModified,215
showSoftInput,215
isActive,132
getEditableText,187
getIdentifier,1737
setCallback,806
setOnFocusChangeListener,378
setTextAppearance,263
setOnKeyListener,560
getSchemeSpecificPart,275
setDaemon,421
setLocalMatrix,144
setTranslate,215
removeViewImmediate,93
setMapTrackballToArrowKeys,91
setViewVisibility,43
setImageViewResource,378
setProgressBar,372
setTextViewText,1072
getBroadcast,2672
setImageViewBitmap,730
setPackage,505
getDefaultHost,490
getDefaultPort,436
sendMessageDelayed,583
setFilterBitmap,271
drawColor,774
ascent,259
getAlpha,154
getTransformation,138
setMatrix,141
preConcat,116
setStartTime,224
isInitialized,113
getDecorView,1058
getVersion,122
openOrCreateDatabase,216
setLockingEnabled,36
setVersion,94
propertyNames,196
charValue,561
writeUTF,364
intern,1058
getBooleanExtra,1323
setAdapter,2375
isPressed,37
getContextClassLoader,788
getKeys,22
isInfinite,919
getParameterTypes,918
isUpperCase,325
getDeclaredMethods,809
getFD,204
getState,1715
markSupported,833
mark,1011
getCountryName,118
getFeatureName,34
getLocality,82
getAdminArea,64
getThoroughfare,39
startFlipping,84
setFlipInterval,79
setTransformationMethod,166
isReadOnly,222
endTransaction,528
isOpen,134
setTransactionSuccessful,528
beginTransaction,564
openDatabase,154
isShown,230
closeEntry,400
putNextEntry,185
getNextEntry,531
setPriority,539
getStringArrayExtra,225
addViewInLayout,126
setImageURI,375
store,420
resolve,201
group,1264
groupCount,217
canRead,603
parseUri,29
decodeFile,713
onProgressUpdate,247
getTextBounds,228
lineTo,253
setShadowLayer,213
setTextAlign,446
centerX,162
centerY,138
arcTo,82
nextBytes,166
setOnItemClickListener,1696
getSelectedItemPosition,521
setSelection,1104
setLines,223
setARGB,293
setShape,102
deleteOnExit,184
cubicTo,95
setFillType,80
getTaskId,179
skip,1408
digit,241
setCharAt,791
forDigit,135
getInterfaces,698
isPrimitive,900
isAssignableFrom,993
synchronizedMap,314
unmodifiableList,823
getAvailableLocales,62
isDigit,918
identityHashCode,195
toTitleCase,34
isLetterOrDigit,262
isTitleCase,34
isInstance,276
isTransient,625
isStatic,685
getDeclaredFields,938
compare,274
getReturnType,672
getTargetException,131
getBuffer,37
bitLength,46
subtract,72
nextBoolean,105
nextFloat,144
nextLong,227
setIndex,81
applyPattern,102
getChars,884
getActualMaximum,84
setLenient,82
getDateInstance,133
getDateTimeInstance,313
getTimeInstance,80
defaultReadObject,107
setTimeZone,937
getShortMonths,21
getSystemResources,50
loadClass,287
doPrivileged,53
getSystemClassLoader,116
elements,217
fillInStackTrace,72
log,506
getLogger,393
getMethodName,132
getResource,190
getException,38
keys,223
values,1342
toASCIIString,390
getCause,868
subSequence,837
getFragment,176
getRawQuery,89
getRawPath,101
getRawFragment,88
emptyList,864
useDelimiter,88
bind,258
shuffle,201
getAllByName,110
isClosed,363
getSubjectX500Principal,90
getSubjectAlternativeNames,92
singletonMap,51
emptyMap,732
defaultCharset,99
shutdownOutput,104
shutdownInput,103
getLocalAddress,130
getLocalPort,255
getInetAddress,181
getPort,462
getSoTimeout,89
setSoTimeout,346
setSoLinger,134
setTcpNoDelay,162
initCause,235
toMillis,197
ordinal,329
type,77
address,77
select,88
getHostName,152
isUnresolved,77
getAddress,194
listIterator,289
hasPrevious,168
previous,171
peek,404
awaitUntil,86
signalAll,122
set2DigitYearStart,104
countTokens,190
getReceiveBufferSize,116
getSendBufferSize,118
isISOControl,734
isSpaceChar,89
end,257
singleton,93
deleteCharAt,286
unread,123
getLast,171
createTempFile,214
enumeration,30
floor,692
rewind,192
allocateDirect,237
nativeOrder,228
order,232
asFloatBuffer,205
atan2,509
asShortBuffer,126
texImage2D,194
getFontMetricsInt,71
getTextWidths,175
tan,151
gluOrtho2D,42
atan,144
asin,193
readFloat,229
readShort,294
readFully,344
readUTF,382
readBoolean,261
getCurrentView,222
removeFooterView,161
requestLayout,488
setOnScrollListener,220
setHorizontalFadingEdgeEnabled,55
getDivider,54
setVerticalFadingEdgeEnabled,73
setDividerHeight,106
setDivider,392
addFooterView,190
setCacheColorHint,434
setFadingEdgeLength,75
intBitsToFloat,169
floatToRawIntBits,134
skipBytes,165
myLooper,528
getPercentInstance,56
onOptionsItemSelected,1761
onPrepareOptionsMenu,818
hasExtra,310
getResourceName,39
setOnCheckedChangeListener,703
setCanceledOnTouchOutside,147
setChecked,1221
getFlags,233
inflate,2721
onPrepareDialog,91
getCurrentActivity,45
getDimension,121
getLayoutInflater,307
resolveClass,129
hasRemaining,168
getAdapter,305
isChecked,950
createFromResource,137
setDropDownViewResource,499
setOnItemSelectedListener,706
setOnSeekBarChangeListener,339
singletonList,632
setSelectionFromTop,92
findItem,273
setVisible,249
setInputType,200
getZoomControls,36
usePattern,28
toURI,235
isEqual,27
newSingleThreadExecutor,112
getThread,79
getCanonicalName,347
from,1218
createFromPath,268
setSeed,536
formatFileSize,650
getExternalStoragePublicDirectory,347
sqlEscapeString,303
loadIcon,780
onStartCommand,287
setNumColumns,256
setFeatureDrawableResource,248
setRating,213
fromContext,946
updateViewLayout,324
rotate,401
getStreamVolume,453
check,151
pow,502
setMovementMethod,601
notifyDataSetChanged,465
getSimOperatorName,1045
getOriginatingAddress,820
getUserData,153
createFromPdu,1221
apply,47
getDefaultSharedPreferences,1290
setPluginState,473
getWindowVisibleDisplayFrame,693
getBaseContext,536
getTop,858
newWakeLock,1568
acquire,1595
setInexactRepeating,630
setDefaultUseCaches,587
getLongExtra,879
getService,1070
setRepeating,757
compareAndSet,143
getStrokeWidth,374
isConnectedOrConnecting,570
getServiceInfo,38
describeContents,656
getByteArrayExtra,763
marshall,612
readFromParcel,628
writeToParcel,904
unmarshall,612
notifyChange,745
setDataPosition,615
getColumnNames,812
getPreferredActivities,612
readLock,649
writeLock,650
subList,327
setContextClassLoader,154
setUncaughtExceptionHandler,165
countDown,151
isBound,127
accept,279
setThreadPolicy,135
permitAll,129
setFixedLengthStreamingMode,97
hasNextLine,130
nextLine,137
emptySet,151
openContactPhotoInputStream,126
withAppendedPath,861
setBearingRequired,568
setSpeedRequired,132
setPowerRequirement,563
setAltitudeRequired,568
getAccounts,376
getApplicationIcon,354
getIntrinsicWidth,549
getIntrinsicHeight,555
getProtocol,762
isPrivate,612
isProtected,612
toBigInteger,659
isJavaIdentifierPart,660
isDefined,627
addFirst,710
getAnnotation,855
isEnum,692
getEnumConstants,636
noneOf,617
fromString,862
isSynthetic,832
getDeclaredAnnotations,616
getDeclaredConstructors,851
isInterface,676
getParameterAnnotations,616
isBridge,612
getGenericParameterTypes,618
getGenericType,837
getGenericReturnType,618
annotationType,810
getActualTypeArguments,853
isAbstract,641
isFinal,653
isAnnotationPresent,666
getRawType,828
getBounds,711
getTypeParameters,827
getGenericInterfaces,815
getGenericSuperclass,832
getGenericComponentType,831
getUpperBounds,827
isAnnotation,612
isAccessible,692
getEnclosingMethod,644
getEnclosingClass,672
isProxyClass,617
getErrorIndex,612
getByName,947
getHours,432
getRunningServices,1181
setFakeBoldText,170
onMenuItemSelected,236
isNetworkUrl,121
getRootDirectory,79
getInteger,166
HSVToColor,75
getCanRetrieveWindowContent,32
getDescription,32
getResolveInfo,33
getSettingsActivityName,32
<clinit>,102
feedbackTypeToString,32
flagToString,32
getPosition,247
addTab,827
detach,43
attach,49
instantiate,73
doAddOp,46
instantiateItem,43
addToBackStack,46
dismissInternal,46
commitAllowingStateLoss,46
finishUpdate,43
destroyItem,43
disallowAddToBackStack,46
isAddToBackStackAllowed,46
setBreadCrumbShortTitle,46
setBreadCrumbTitle,46
setCustomAnimations,46
setTransition,46
setTransitionStyle,46
getBreadCrumbShortTitle,46
getBreadCrumbShortTitleRes,46
getBreadCrumbTitle,46
getBreadCrumbTitleRes,46
addOp,46
bumpBackStackNesting,46
popFromBackStack,46
commitInternal,46
allocBackStackIndex,46
enqueueAction,46
dump,47
popBackStackState,46
getTransition,46
getTransitionStyle,46
attachFragment,43
reverseTransit,46
freeBackStackIndex,46
addFragment,46
hideFragment,46
moveToState,46
removeFragment,46
showFragment,46
detachFragment,43
addBackStackState,46
createFromParcel,275
newArray,58
createIntArray,52
saveAllState,46
restoreAllState,46
writeIntArray,52
onCreateView,71
setClassLoader,51
onCreateContextMenu,286
getArguments,46
getFragmentManager,46
getLoaderManager,46
getRetainInstance,46
getSupportFragmentManager,46
getTargetFragment,46
getTargetRequestCode,46
getView,314
isViewFromObject,43
initState,43
makeInactive,46
isAdded,46
setMenuVisibility,32
isVisible,50
setHasOptionsMenu,46
isDetached,43
isHidden,73
isInBackStack,43
isInLayout,46
isRemoving,46
isResumed,46
onActivityCreated,46
onActivityResult,1666
onAttach,46
dispatchConfigurationChanged,46
dispatchContextItemSelected,46
onCreateAnimation,45
dispatchCreateOptionsMenu,46
doDestroy,46
onDestroyOptionsMenu,46
onDestroyView,46
performDestroyView,43
onDetach,46
onHiddenChanged,46
onInflate,46
dispatchLowMemory,46
dispatchOptionsItemSelected,46
onOptionsMenuClosed,70
dispatchOptionsMenuClosed,46
dispatchPrepareOptionsMenu,46
saveFragmentBasicState,43
doStart,46
performStart,43
performStop,46
onViewCreated,43
doReportNextStart,43
performReallyStop,46
doRetain,46
doStop,46
doReportStart,43
registerForContextMenu,47
setOnCreateContextMenuListener,368
restoreViewState,46
restoreHierarchyState,51
setArguments,46
invalidateOptionsMenu,51
makeActive,47
setInitialSavedState,43
setPrimaryItem,32
restoreState,52
setRetainInstance,46
setTargetFragment,46
startActivityFromFragment,46
buildShortClassTag,46
unregisterForContextMenu,46
popBackStack,46
onDismiss,51
getDialog,46
onCreateDialog,303
getShowsDialog,46
getTheme,60
isCancelable,46
setOwnerActivity,207
onCancel,85
setShowsDialog,46
saveFragmentInstanceState,43
readBundle,69
writeBundle,69
callOnLoadFinished,46
popBackStackImmediate,46
execPendingActions,46
invalidateSupportFragmentIndex,45
doReallyStop,46
dispatchResume,47
onRetainNonConfigurationInstance,59
createPackageContext,112
createPendingResult,36
deleteDatabase,68
dismissDialog,37
dispatchPopulateAccessibilityEvent,41
fileList,412
getApplication,62
getComponentName,35
getCurrentFocus,31
getLastNonConfigurationInstance,88
getMenuInflater,52
getPreferences,51
getSupportLoaderManager,46
getWallpaper,54
getWallpaperDesiredMinimumHeight,25
getWallpaperDesiredMinimumWidth,26
managedQuery,126
obtainStyledAttributes,417
onAttachFragment,46
onBackPressed,280
onContentChanged,141
onCreatePanelMenu,53
onKeyMultiple,23
onPanelClosed,55
onPreparePanel,53
onWindowAttributesChanged,70
openOptionsMenu,40
setIntent,140
setResult,44
setSecondaryProgress,69
setVolumeControlStream,52
setWallpaper,179
showDialog,86
startSearch,58
stopService,925
onReallyStop,46
getLastCustomNonConfigurationInstance,32
updateActivity,46
supportInvalidateOptionsMenu,46
attachActivity,46
dispatchCreate,47
getParcelable,506
getFactory,52
hasVisibleItems,51
findFragmentById,46
getPositionDescription,74
getResourceId,280
findFragmentByTag,46
dispatchDestroy,46
hasMessages,239
dispatchPause,47
onPostResume,57
dispatchReallyStop,46
onRetainCustomNonConfigurationInstance,32
removeAt,46
valueAt,154
retainNonConfig,46
putParcelable,433
finishRetain,46
dispatchStart,46
noteStateNotSaved,46
dispatchActivityCreated,46
dispatchStop,46
onBackStackChanged,46
reportBackStackChanged,46
enableDebugLogging,46
addOnBackStackChangedListener,46
openTransaction,46
executePendingTransactions,46
getBackStackEntryAt,46
getBackStackEntryCount,46
putFragment,46
saveState,55
removeOnBackStackChangedListener,46
onAnimationRepeat,52
checkStateLoss,46
makeFadeAnimation,45
makeOpenCloseAnimation,45
transitToStyleIndex,46
findFragmentByWho,46
saveFragmentViewState,46
getSparseParcelableArray,55
setBackStackIndex,46
putSparseParcelableArray,55
saveHierarchyState,51
createTypedArray,52
writeTypedArray,58
populate,43
dataSetChanged,43
fakeDragBy,32
setCurrentItemInternal,43
pageRight,32
getItemPosition,43
addNewItem,43
infoForChild,43
startUpdate,43
makeFragmentName,43
getItem,388
getParcelableArray,43
putParcelableArray,43
idealIntArraySize,46
indexOfKey,52
indexOfValue,48
keyAt,347
setValueAt,47
idealByteArraySize,46
getLoader,46
restartLoader,46
onLoadComplete,46
initLoader,46
destroyLoader,46
installLoader,46
focusableViewAvailable,51
onItemClick,122
onListItemClick,392
ensureList,46
setEmptyView,100
setListAdapter,82
setListShown,46
setEmptyText,46
getListView,123
getSelectedItemId,60
setListShownNoAnimation,46
getListAdapter,50
setDrawSelectorOnTop,57
onCreateLoader,46
createLoader,46
onLoadFinished,46
onLoaderReset,46
deliverResult,46
dataToString,46
reportStart,43
retain,46
startLoading,63
isMemberClass,310
createAndInstallLoader,46
abandon,46
dispatchRestoreInstanceState,55
dispatchThawSelfOnly,51
dispatchSaveInstanceState,51
dispatchFreezeSelfOnly,51
executeOnExecutor,46
call,100
postResult,32
postResultIfNotInvoked,32
done,32
isCancelled,66
init,90
setDefaultExecutor,32
doInBackground,48
getStatus,47
publishProgress,32
onForceLoad,46
waitForLoader,46
onLoadInBackground,46
dispatchOnCancelled,46
dispatchOnLoadComplete,46
executePendingTask,46
cancelLoad,46
onAbandon,46
forceLoad,46
isAbandoned,46
isReset,46
isStarted,46
onChange,191
onReset,46
onStartLoading,46
onStopLoading,46
takeContentChanged,46
onCanceled,46
formatDuration,46
postAtTime,77
loadInBackground,46
setUpdateThrottle,46
getProjection,46
getSelection,46
getSelectionArgs,46
getSortOrder,46
getUri,46
setProjection,46
setSelectionArgs,46
setSortOrder,46
setUri,46
deliverSelfNotifications,54
executePendingBroadcasts,32
sendBroadcastSync,32
countActions,33
getCategories,38
resolveTypeIfNeeded,33
newThread,66
getAndIncrement,85
newCreator,43
flushBuilder,47
safeSizeOf,46
sizeOf,46
trimToSize,96
entryRemoved,46
evictAll,46
createCount,46
evictionCount,46
hitCount,46
maxSize,46
missCount,46
putCount,46
snapshot,46
accumField,46
formatDurationLocked,46
printField,46
newAccessiblityDelegateBridge,32
newAccessiblityDelegateDefaultImpl,32
onInitializeAccessibilityEvent,32
onInitializeAccessibilityNodeInfo,32
onPopulateAccessibilityEvent,33
onRequestSendAccessibilityEvent,32
sendAccessibilityEvent,32
sendAccessibilityEventUnchecked,32
getBridge,32
metaStateHasModifiers,35
hasModifiers,32
metaStateHasNoModifiers,35
hasNoModifiers,32
normalizeMetaState,32
metaStateFilterDirectionalModifiers,32
getMetaState,51
executeKeyEvent,43
addSubMenu,95
setCheckable,35
setAlphabeticShortcut,109
getAttributeResourceValue,156
getLayout,21
setActionView,27
setOnMenuItemClickListener,96
setShortcut,136
setShowAsAction,46
getGroupId,30
findPointerIndex,60
getPointerId,151
onInterceptTouchEvent,149
getActionIndex,48
onSecondaryPointerUp,43
getActionMasked,47
setHeaderIcon,21
setHeaderTitle,203
getXVelocity,138
getYVelocity,60
endFakeDrag,32
canScrollHorizontally,35
canScrollVertically,32
getOverScrollMode,35
setAccessibilityDelegate,32
setOverScrollMode,32
canScroll,32
getScaledPagingTouchSlop,44
getScaledTouchSlop,117
initViewPager,43
onPageScrollStateChanged,43
setScrollState,45
onPageScrolled,43
computeScroll,61
onPageSelected,43
readParcelable,87
writeParcelable,87
getSuperState,46
completeScroll,43
getCurrX,233
setScrollingCacheEnabled,51
getCurrY,182
abortAnimation,132
smoothScrollTo,62
recomputeScrollPosition,32
endDrag,43
startScroll,255
isFinished,267
timePassed,35
setPageMargin,34
beginFakeDrag,32
addFocusables,95
getDescendantFocusability,35
isFocusable,39
isFocusableInTouchMode,42
isInTouchMode,95
addTouchables,36
arrowScroll,34
playSoundEffect,44
getLeft,362
pageLeft,32
getContantForFocusDirection,39
findFocus,42
findNextFocus,45
addMovement,138
getBottom,199
getRight,302
computeScrollOffset,268
distanceInfluenceForSnapDuration,32
getPaddingTop,169
setSize,160
getPaddingBottom,177
setState,140
getDrawableState,46
isStateful,98
computeCurrentVelocity,138
getCurrentItem,35
getOffscreenPageLimit,34
getPageMargin,34
infoForAnyChild,32
onRequestFocusInDescendants,35
setDescendantFocusability,39
getScaledMinimumFlingVelocity,47
getScaledMaximumFlingVelocity,55
isFakeDragging,32
getPaddingLeft,153
getPaddingRight,156
getDefaultSize,46
setMeasuredDimension,47
onRelease,35
onPull,35
getEdgeFlags,64
setCurrentItem,45
hasFocus,265
setOffscreenPageLimit,34
setOnPageChangeListener,45
setPageMarginDrawable,34
refreshDrawableState,290
verifyDrawable,137
appendRecord,32
getRecord,33
getRecordCount,32
getImpl,32
addAccessibilityStateChangeListener,32
getEnabledAccessibilityServiceList,33
getInstalledAccessibilityServiceList,32
isTouchExplorationEnabled,32
newAccessiblityStateChangeListener,32
removeAccessibilityStateChangeListener,32
onAccessibilityStateChanged,32
addChild,32
findAccessibilityNodeInfosByText,32
getActions,33
getBoundsInParent,32
getBoundsInScreen,32
getChild,61
getContentDescription,40
getWindowId,33
isCheckable,32
isClickable,48
isEnabled,346
isFocused,76
isLongClickable,33
isPassword,32
isScrollable,32
isSelected,52
performAction,32
setBoundsInParent,32
setBoundsInScreen,32
setContentDescription,41
setFocused,32
setLongClickable,142
setPackageName,32
setParent,34
setPassword,34
setScrollable,32
setSource,32
getSource,58
getAddedCount,32
getBeforeText,32
getCurrentItemIndex,32
getFromIndex,32
getItemCount,32
getMaxScrollX,32
getMaxScrollY,32
getParcelableData,34
getRemovedCount,32
getToIndex,32
isFullScreen,32
setAddedCount,32
setBeforeText,32
setCurrentItemIndex,38
setFromIndex,32
setFullScreen,32
setItemCount,38
setMaxScrollX,32
setMaxScrollY,32
setParcelableData,33
setRemovedCount,32
setScrollX,33
setScrollY,33
setToIndex,32
onChanged,69
onInvalidated,65
notifyDataSetInvalidated,58
changeCursor,74
publishResults,46
convertToString,47
convertResultToString,46
getCursor,114
runQueryOnBackgroundThread,46
performFiltering,46
bindView,82
getDropDownView,55
swapCursor,46
moveToPosition,378
newDropDownView,47
getFilter,48
getFilterQueryProvider,46
newView,51
hasStableIds,57
registerDataSetObserver,149
requery,173
runQuery,64
setFilterQueryProvider,47
unregisterDataSetObserver,145
newEdgeEffect,32
onAbsorb,32
setViewResource,46
changeCursorAndColumns,46
setViewValue,51
findColumns,46
setViewText,48
setViewImage,46
getCursorToStringConverter,46
getStringConversionColumn,46
getViewBinder,46
setCursorToStringConverter,47
setStringConversionColumn,46
setViewBinder,346
onFinishInflate,104
setMultiChoiceItems,61
setSingleChoiceItems,577
getMenuInfo,352
getOrder,75
addIntentOptions,26
removeGroup,21
removeItem,29
setGroupEnabled,70
getSelectedItem,90
getChannel,253
addTextChangedListener,298
shutdownNow,121
currentAnimationTimeMillis,135
setCompoundDrawables,126
setCrossFadeEnabled,61
notifyAll,499
getStackTraceString,187
getAccountsByType,191
getAuthToken,26
getResult,26
invalidateAuthToken,27
getFirstVisiblePosition,163
getLastVisiblePosition,52
newSerializer,207
getPropertyName,28
getNewValue,28
getLastModified,96
copyOf,34
andNot,45
getRequestMethod,154
availableCharsets,26
getProxyClass,26
getFile,166
appendReplacement,154
quoteReplacement,124
appendTail,154
getPointerCount,127
unlockCanvasAndPost,591
lockCanvas,592
registerOnSharedPreferenceChangeListener,380
onSurfaceChanged,270
onSurfaceCreated,254
onSurfaceDestroyed,265
onVisibilityChanged,111
setStrokeCap,389
setStrokeJoin,305
setOnItemLongClickListener,200
setSharedPreferencesName,173
setOnPreferenceChangeListener,177
setOnPreferenceClickListener,499
onBindDialogView,63
onSetInitialValue,51
setRotate,189
toRadians,154
newPullParser,383
getMaxVolume,29
setStereoVolume,38
getDefaultAdapter,168
getByAddress,53
setSummary,484
addPreference,385
onPreferenceTreeClick,40
getItemAtPosition,268
onDialogClosed,57
onPrepareDialogBuilder,46
selectAll,38
scanFile,35
hasSystemFeature,72
getShortClassName,694
setAlwaysDrawnWithCacheEnabled,241
clearDisappearingChildren,239
setScrollbarFadingEnabled,166
getID,164
addDataAuthority,52
getRootView,160
setPlaybackPositionUpdateListener,29
setPositionNotificationPeriod,31
setSizeFromLayout,28
getApplicationWindowToken,77
toggleSoftInput,138
setRawInputType,62
setOnEditorActionListener,52
getTotalPrivateDirty,144
getProcessMemoryInfo,144
getRunningAppProcesses,339
killBackgroundProcesses,112
restartPackage,387
getAsString,290
getAnnotations,245
unmodifiableCollection,209
parseByte,400
isLocalClass,226
isAnonymousClass,226
getOwnerType,226
isSupplementaryCodePoint,255
toChars,242
charCount,207
appendCodePoint,255
myPid,1155
killProcess,1211
setWifiEnabled,772
getWifiState,558
getMinutes,83
getCurrentHour,29
getCurrentMinute,29
setCurrentHour,25
setCurrentMinute,25
getColor,761
setTextScaleX,26
setLooping,487
readStringArray,107
writeStringArray,158
readArrayList,128
readBooleanArray,123
writeBooleanArray,123
writeList,141
isLast,254
bringChildToFront,109
indexOfChild,188
setDrawingCacheBackgroundColor,109
writeFloat,302
setMediaPlayer,111
getFocusedChild,124
asSubclass,68
isNull,299
getPathSegments,237
newInsert,76
withValue,75
withValueBackReference,75
applyBatch,85
getYear,401
getMonth,456
getAsLong,106
parseId,252
getAsInteger,126
getEntityValues,58
getLookupUri,58
getAsByteArray,71
getContactLookupUri,58
getSubValues,58
stopSync,140
getAllProviders,197
appendId,61
getParameters,150
setParameters,150
getBearing,162
getSpeed,186
writeTo,130
addSubValue,58
encodePredefinedImProtocol,44
createPersonInMyContactsGroup,51
getRequestProperties,82
getDisplayOriginatingAddress,409
getServiceCenterAddress,186
defaultFromStyle,67
drawArc,140
drawOval,357
onCallStateChanged,182
listen,399
getDisplayedChild,30
setBackgroundDrawableResource,34
setDisplayedChild,176
removeElementAt,241
removeElement,351
setOnInfoListener,53
getStreamMaxVolume,260
isLooping,45
adjustStreamVolume,31
writeBoolean,249
insertElementAt,195
getMessageBody,635
setFeatureInt,159
getOpacity,172
getXml,510
send,609
setSpan,742
setToNow,252
putNull,195
getDataState,28
cancelAll,268
getDisplayMessageBody,431
encodeToString,242
getColumnName,599
getAllBookmarks,505
setChunkedStreamingMode,82
setButton3,134
setButton2,259
setToDefaults,64
getLeastSignificantBits,31
getMostSignificantBits,33
convert,38
encodedQuery,29
recognize,32
setGestureStrokeType,29
addOnGesturePerformedListener,32
setEventsInterceptionEnabled,29
setGestureVisible,33
sourceId,78
lineNumber,80
message,80
messageLevel,29
setLayerType,30
setDatabasePath,61
setDisplayZoomControls,29
setAppCachePath,61
setGeolocationDatabasePath,36
zoomIn,32
onReceiveValue,37
inKeyguardRestrictedInputMode,152
startSync,147
setHttpAuthUsernamePassword,233
getRingtone,47
getDefaultUri,55
setStreamType,39
getHttpAuthUsernamePassword,35
useHttpAuthUsernamePassword,35
copyValueOf,241
startLayoutAnimation,34
setLayoutAnimation,62
getPostalCode,70
divideMessage,304
getMaxAddressLineIndex,105
getAddressLine,120
createFromAsset,301
removeViews,291
expandGroup,276
getGroupCount,272
collapseGroup,268
getCurrentTab,238
newTabSpec,825
setContent,852
setIndicator,836
setup,384
setOnTabChangedListener,504
setKey,347
createPreferenceScreen,321
setDither,446
setSelector,308
setCurrentTab,680
getContentView,256
onTabChanged,264
exp,98
setElementAt,132
lastElement,90
findViewWithTag,58
getCheckedRadioButtonId,113
getComponent,130
filterEquals,57
getSerializableExtra,296
empty,93
addOnGlobalLayoutListener,57
peekDecorView,79
autoFocus,25
startPreview,83
setPreviewSize,64
setPreviewDisplay,76
setPreviewCallback,35
stopPreview,83
getBSSID,38
getButton,80
openInputStream,235
removeAllViewsInLayout,108
setCallbackDuringFling,62
addHeaderView,64
findPreference,131
after,310
setItemsCanFocus,102
setButtonDrawable,24
setItemChecked,67
setChoiceMode,131
getSelectionEnd,26
getSelectionStart,41
destroyDrawingCache,98
getHistoricalY,27
getHistoricalX,26
getPressure,32
getHistorySize,138
onItemLongClick,77
setFrame,58
setIsLongpressEnabled,91
requestDisallowInterceptTouchEvent,85
onDisabled,80
onEnabled,78
setOnClickPendingIntent,186
updateAppWidget,190
drawPoint,141
setVolume,285
getFileDescriptor,223
openRawResourceFd,52
getStartOffset,203
shutdown,84
setPixels,93
getPreviewFormat,24
formatNumber,121
getReadableDatabase,97
hasText,23
getConfiguredNetworks,37
enableNetwork,23
addNetwork,23
contentEquals,139
access$000,45
openOutputStream,150
setLayout,191
enable,160
disable,159
setRingerMode,201
getRating,143
onNewIntent,184
createTypedArrayList,46
writeTypedList,53
removeAll,423
info,37
stringForQuery,133
onOpen,212
insertOrThrow,179
dumpCursorToString,133
moveToLast,192
removeExtra,38
getMessageClass,127
isReplace,126
formatDateTime,138
appendPath,201
exitValue,143
setFilters,162
getUnicodeChar,56
getMinimumWidth,48
getMinimumHeight,47
setKeepAlive,38
newLine,62
getStringArrayList,105
setNotifyOnChange,35
onUserLeaveHint,62
toOctalString,66
getClasses,148
setWeightSum,204
copyInto,400
getSeconds,272
buildDrawingCache,108
getChecksum,44
addStatesFromChildren,28
setSmoothScrollingEnabled,28
smoothScrollBy,33
setThumb,67
getLocalHost,105
isDbLockedByOtherThreads,80
isDbLockedByCurrentThread,80
setPictureListener,121
attachInfo,22
appendWhere,91
tryLock,27
getMaximumRange,37
exchange,23
setUrlInterceptDisabled,22
registerHandler,22
unregisterHandler,22
offsetTopAndBottom,28
setScrollContainer,53
offsetLeftAndRight,70
getAttributeName,105
getAttributeCount,110
setStreamVolume,271
isEmergencyNumber,40
getVoiceMailNumber,64
valueSet,43
toCallerIDMinMatch,41
getOffset,65
getHeaderViewsCount,36
getTabWidget,151
getItemAtIndex,21
getCurrentIndex,21
copyBackForwardList,21
needsInput,79
finished,176
setInput,192
needsDictionary,77
setReuseAddress,125
newEncoder,86
canEncode,80
containsAll,184
retainAll,121
isAcceptingText,144
synchronizedList,38
setTextFilterEnabled,97
gluLookAt,60
gluPerspective,78
ensureCapacity,116
asIntBuffer,129
setRenderer,49
descent,155
hasAlpha,40
defaultWriteObject,85
slice,53
longBitsToDouble,107
setPort,46
receive,69
setAddress,47
newKeyguardLock,108
disableKeyguard,105
isScreenOn,83
getTabHost,85
force,139
drawLines,119
getAnimation,168
putByte,124
putParcelableArrayList,113
getByte,156
getParcelableArrayList,106
setClippingEnabled,100
getIntArray,239
getRotation,41
getRawX,242
getRawY,260
setImeOptions,50
toggle,45
removePreference,57
setPersistent,45
putStringArrayList,55
createStringArrayList,21
writeStringList,26
showAsDropDown,52
getTimestampMillis,94
setUnderlineText,93
setSaturation,42
bindLong,107
compileStatement,183
executeInsert,110
bindString,117
simpleQueryForLong,117
filter,56
breakText,66
getResourceEntryName,38
offsetLocation,41
setBoolean,50
setInt,57
setDrawingCacheEnabled,136
getDefaultType,95
getDimensionPixelSize,165
getFileName,33
getLineNumber,130
getInfo,28
setSendBufferSize,39
setReceiveBufferSize,77
addLast,102
isAlive,225
interrupted,86
getCharSequenceExtra,39
putCharSequence,42
setPrompt,34
onLongPress,26
getDayOfMonth,33
getStyle,77
drawPoints,30
getNumberInstance,83
setMaximumFractionDigits,74
log10,68
hasIccCard,77
startUsingNetworkFeature,95
addDataType,74
getSummary,33
getPreferenceCount,36
command,32
setLoop,74
unloadSoundEffects,32
setEntries,112
setEntryValues,112
setDefaultValue,74
getPreference,38
unregisterOnSharedPreferenceChangeListener,233
distanceTo,53
onDeleted,65
getLocationInWindow,77
isDataUrl,42
drawPicture,46
capturePicture,42
hasAccuracy,164
decodeFileDescriptor,22
getHeaderFieldInt,39
getRequestProperty,40
getSystem,85
queryBroadcastReceivers,71
addRow,54
getMax,95
setActualDefaultRingtoneUri,62
getContentUriForPath,54
addLinks,45
removeCallbacksAndMessages,52
setBaselineAligned,27
getLowerBounds,33
getGenericDeclaration,51
sendMultipartTextMessage,211
insertImage,66
getColumnCount,145
getMimeTypeFromExtension,70
getSingleton,70
incrementProgressBy,77
drawPaint,60
updateConfiguration,24
transferFrom,53
readException,212
writeNoException,213
setCurrentTabByTag,133
getParameterSpec,71
myUid,109
getTabContentView,170
setDefaultTab,80
createView,51
forceFinished,139
getFinalY,42
fling,163
createInputStream,56
openAssetFileDescriptor,55
getDeclaredLength,43
isHeld,216
toDegrees,133
offsetTo,25
asCharBuffer,42
setReferenceCounted,194
sendSignal,80
getRadioVersion,70
availableProcessors,72
onItemSelected,72
getExternalFilesDir,74
getDay,46
dispatchMessage,50
setMethod,40
setSpacing,28
getNinePatchChunk,83
hypot,57
quadTo,88
stopSelfResult,23
onBindView,48
getLayoutId,26
getPadding,28
onCellLocationChanged,45
setComponentEnabledSetting,100
takePicture,25
removeActiveAdmin,22
isAdminActive,29
lockNow,22
holdsLock,37
first,82
getTimezoneOffset,26
ordinaryChars,30
wordChars,30
isSupported,30
readExternal,31
getSecurityManager,33
checkSetFactory,27
getEncoding,33
getDefaultFlavorMap,27
createPackedRaster,27
createInterleavedRaster,27
getParameter,27
encodeDataFlavor,27
getRepresentationClass,27
isRepresentationClassInputStream,27
isRepresentationClassReader,27
isRepresentationClassCharBuffer,27
isRepresentationClassByteBuffer,27
isFlavorTextType,27
isFlavorJavaFileListType,27
isFlavorSerializedObjectType,27
getPrimaryType,27
getSubType,27
getFlavorsForNative,27
decodeDataFlavor,27
drawImage,61
getGraphics,28
dispose,28
getOffsets,27
getNumBanks,27
getRaster,27
getDataBuffer,27
getNativesForFlavor,27
getTransferDataFlavors,27
getTransferData,42
getReaderForText,27
isMimeTypeEqual,27
dragEnter,27
dragExit,27
dragOver,27
dragMouseMoved,27
dropActionChanged,27
addFlavorForUnencodedNative,27
addUnencodedNativeForFlavor,27
selectBestTextFlavor,27
onOffsetsChanged,65
getDeviceSoftwareVersion,40
yield,175
toShortString,37
setPixel,71
invalidateViews,80
setFloat,33
bindNull,60
bindDouble,49
simpleQueryForString,34
getFirst,87
isSpace,45
getPixel,130
openFd,223
getTimeFormat,59
setSubpixelText,40
setMaskFilter,116
setLinearText,42
getLongPressTimeout,42
getDoubleTapTimeout,32
defaultThreadFactory,34
createStringArray,40
readByteArray,33
writeByteArray,37
signum,73
getAndSet,60
getTextColors,118
deactivate,33
hasAltitude,98
getFromLocationName,48
resume,119
unload,93
getISO3Language,48
getISO3Country,69
addAccount,23
setLanguage,39
setOnUtteranceCompletedListener,36
speak,46
formatIpAddress,48
findResource,33
isJavaIdentifierStart,32
writeShort,240
getEnclosingConstructor,32
getConstructors,67
readUnsignedShort,164
getEntry,140
setCrc,37
unscaledValue,33
writeExternal,36
negate,39
readChar,77
writeChar,56
getBounds2D,32
createTransformedShape,32
createUnion,32
getComposite,32
setComposite,32
setPaint,32
getTransform,32
setTransform,32
concatenate,32
rint,65
readDouble,87
writeDouble,204
ready,85
setGregorianChange,32
normalize,48
isUnderflow,35
compact,52
newDecoder,40
getUserInfo,38
toPlainString,35
isUnicodeIdentifierPart,35
isUnicodeIdentifierStart,34
getPriority,48
IEEEremainder,35
setErr,43
setIn,32
setOut,36
addShutdownHook,65
setDefault,84
createUnresolved,62
setInverseBackgroundForced,92
asInterface,79
asBinder,30
getInterfaceDescriptor,25
attachInterface,29
isToday,28
deflate,96
removeCallback,41
isBold,21
getValues,30
move,43
isDone,34
awaitTermination,24
getNativeHeapAllocatedSize,22
setEGLConfigChooser,26
getRotationMatrix,59
isAltPressed,33
chooseConfig,41
onDrawFrame,32
gluErrorString,32
arrayOffset,29
asLongBuffer,29
asDoubleBuffer,29
swap,34
numberOfTrailingZeros,53
readUnsignedByte,120
getEventType,92
toCodePoint,62
isLowSurrogate,44
setRate,57
startMethodTracing,44
stopMethodTracing,45
texSubImage2D,50
findWithinHorizon,36
createWifiLock,56
startScan,63
onTerminate,80
setDefaultFontSize,27
onUpdate,64
removeAllActivities,21
getComment,101
setComment,101
inTransaction,58
addGpsStatusListener,46
getGpsStatus,46
hasBearing,67
getSnr,21
getSatellites,34
usedInFix,29
removeGpsStatusListener,46
getPlayState,33
setRecordPositionUpdateListener,21
getEncodedPath,29
getPreviewSize,29
extractThumbnail,31
intersect,24
getMasterSyncAutomatically,26
setMasterSyncAutomatically,27
setDialogTitle,53
getVibrateSetting,33
setVibrateSetting,36
getIntentSender,42
getSurfaceFrame,28
isNinePatchChunk,79
printf,26
getDefaultColor,67
getTarget,45
getJarEntry,46
getFreeBlocks,62
readValue,56
writeValue,56
hasSpeed,62
setOnChildClickListener,88
getLineTop,73
getLineCount,43
setLocation,44
setName,38
getLineForVertical,44
getLineStart,39
getLineEnd,39
getLineWidth,29
isHighSurrogate,35
obtainTypedArray,24
dispatch,26
setNotificationUri,129
setSummaryOff,25
setSummaryOn,25
access$200,31
access$300,31
access$400,31
access$500,31
newAccessibilityDelegateBridge,31
newAccessibilityDelegateDefaultImpl,31
newAccessibilityStateChangeListener,31
setValue,70
copyFrom,22
getHitRect,94
queryIntentServices,36
getEditText,23
getISOCountries,37
getISOLanguages,21
getNextJarEntry,36
getCheckedItemPositions,38
onBind,24
getPixelFormat,25
pauseTimers,22
setDependency,29
getFlashMode,26
setFlashMode,34
cancelSync,22
getNeighboringCellInfo,43
map,32
getCurrentTabTag,38
getAppWidgetIds,36
setAutoLinkMask,37
getInstallerPackageName,22
disableNetwork,24
getLineLeft,68
getLineBottom,68
getLineRight,68
setEmpty,69
getDrawingRect,93
requestChildFocus,66
setChildrenDrawnWithCacheEnabled,57
reverseTransition,60
resetTransition,57
union,78
setWillNotCacheDrawing,58
willNotCacheDrawing,59
focusSearch,74
setOnGroupExpandListener,66
getPackedPositionForGroup,52
getFlatListPosition,52
getResourcesForApplication,76
getDefaultActivityIcon,63
isOpened,60
animateClose,58
getBooleanArray,64
setDimensionHints,52
setOnDrawerOpenListener,59
setOnDrawerCloseListener,59
setOnDrawerScrollListener,52
expand,52
isMoving,52
getLongArray,68
isReallyDialable,53
clearSpans,59
closeAllPanels,65
getProviderContext,52
getActivityContext,52
getSuggestSelection,52
getSuggestAuthority,52
getSuggestPath,52
getSearchableInfo,52
getTrimmedLength,67
isPopupShowing,55
isSystem,57
onLongClick,58
getSuggestIntentAction,52
getSuggestIntentData,52
setIntrinsicHeight,61
setIntrinsicWidth,61
cancelLongPress,73
getTouchSlop,62
getTextArray,31
getSpans,26
getEncodedSchemeSpecificPart,30
is24HourFormat,23
isShiftPressed,25
reconnect,32
calculateSignalLevel,24
getApplicationEnabledSetting,23
reenableKeyguard,43
setProjectionMap,48
addFrame,31
setOneShot,31
getCurrent,28
setLinksClickable,32
nameUUIDFromBytes,29
setMinimumFractionDigits,33
setKeyListener,28
postConcat,28
setNextFocusLeftId,22
setNextFocusRightId,22
getEntries,23
getIntArrayExtra,51
onScrollChanged,21
dispatchWindowFocusChanged,21
getYOffset,26
getXOffset,27
getDimensionPixelOffset,23
getDateFormat,50
putParcelableArrayListExtra,34
mapRect,30
warning,23
stripSeparators,22
formatShortFileSize,48
setGroupIndicator,26
setStretchAllColumns,37
setColumnWidth,24
flags,22
pattern,23
getBinder,25
bindBlob,25
intersects,31
fine,21
checkLayoutParams,29
generateLayoutParams,29
generateDefaultLayoutParams,29
getFinalX,23
setOnAdapterChangeListener,28
registerObserver,31
unregisterObserver,29
setDefaultValues,22
getSurface,29
getMediumDateFormat,21
getNumericValue,25
toGMTString,27
format3339,22
getRefreshRate,28
getUserVisibleHint,26
setUserVisibleHint,26
performPendingDeferredStart,26
startPendingDeferredFragments,26
hasRunningLoaders,26
updateText,26
getPageTitle,26
notifyChanged,26
updateAdapter,26
getActivityIcon,24
getParcelableArrayListExtra,24
appendSelectionArgs,26
concatenateWhere,26
onAdapterChanged,26
updateTextPositions,26
hasValue,29
setInternalPageChangeListener,26
access$100,26
determineTargetPage,26
pageScrolled,26
removeNonDecorViews,26
newOnQueryTextListener,26
onQueryTextChange,26
onQueryTextSubmit,26
newSearchView,26
setOnQueryTextListener,26
mapPoints,35
getChildTabViewAt,22
getHint,21
initSign,21
